-- tb_core_client

INSERT INTO `tb_core_client`(`id`, `name`, `client_code`, `client_secret`, `access_token_validity`, `refresh_token_validity`, `sort_num`, `note`, `create_user`, `create_time`, `update_user`, `update_time`, `status`, `is_deleted`, `create_org`) VALUES ('75cfc202d34f11ea97e4a34c90effc21', '后台管理平台', 'admin', 'SCewmm', 1800, 2400, 1, NULL, '1', '2021-03-03 22:33:10', '1', '2021-03-03 22:33:10', 1, 0, '6836de3b179d11eb8189fa163e5c4fd4');

-- tb_core_data_scope

INSERT INTO `tb_core_data_scope`(`id`, `menu_id`, `scope_code`, `scope_name`, `scope_field`, `scope_class`, `scope_column`, `scope_type`, `scope_value`, `all_role`, `note`, `create_user`, `create_time`, `update_user`, `update_time`, `create_org`, `status`, `is_deleted`) VALUES ('144bf26e9976d1b7b7f149840c508a48', 'a4a0a4aad34711ea97dxa34c90effc21', 'FILE_ALL', '文件管理 [全部可见]', '*', 'com.wlcb.jpower.dbs.dao.mapper.selectPage', '-', 1, '', 0, NULL, '1', '2021-03-03 22:33:17', '1', '2021-03-03 22:33:17', '6836de3b179d11eb8189fa163e5c4fd4', 1, 0);
INSERT INTO `tb_core_data_scope`(`id`, `menu_id`, `scope_code`, `scope_name`, `scope_field`, `scope_class`, `scope_column`, `scope_type`, `scope_value`, `all_role`, `note`, `create_user`, `create_time`, `update_user`, `update_time`, `create_org`, `status`, `is_deleted`) VALUES ('32e27aae5aceeac3ca2a1ea534024ff0', 'a4a0a4aad34711ea97dxa34c90effc21', 'FILE_USER', '文件管理 [本人可见]', '*', 'com.wlcb.jpower.dbs.dao.mapper.selectPage', 'create_user', 2, 'create_user = {userId}', 0, NULL, '1', '2021-03-03 22:33:17', '1', '2021-03-03 22:33:17', '6836de3b179d11eb8189fa163e5c4fd4', 1, 0);
INSERT INTO `tb_core_data_scope`(`id`, `menu_id`, `scope_code`, `scope_name`, `scope_field`, `scope_class`, `scope_column`, `scope_type`, `scope_value`, `all_role`, `note`, `create_user`, `create_time`, `update_user`, `update_time`, `create_org`, `status`, `is_deleted`) VALUES ('4a14323e125259dc0f1cc2cae32e77a5', 'a4a0a4aad34711ea97dxa34c90effc21', 'FILE_ORG_CHILD', '文件管理 [所在机构可见及子级可见]', '*', 'com.wlcb.jpower.dbs.dao.mapper.selectPage', 'create_org', 4, 'create_org in {orgId}', 0, NULL, '1', '2021-03-03 22:33:17', '1', '2021-03-03 22:33:17', '6836de3b179d11eb8189fa163e5c4fd4', 1, 0);
INSERT INTO `tb_core_data_scope`(`id`, `menu_id`, `scope_code`, `scope_name`, `scope_field`, `scope_class`, `scope_column`, `scope_type`, `scope_value`, `all_role`, `note`, `create_user`, `create_time`, `update_user`, `update_time`, `create_org`, `status`, `is_deleted`) VALUES ('db9448014f2c4005d45406886559b2f3', 'a4a0a4aad34711ea97dxa34c90effc21', 'FILE_ORG', '文件管理 [所在机构可见]', '*', 'com.wlcb.jpower.dbs.dao.mapper.selectPage', 'create_org', 3, 'create_org = {orgId}', 0, NULL, '1', '2021-03-03 22:33:17', '1', '2021-03-03 22:33:17', '6836de3b179d11eb8189fa163e5c4fd4', 1, 0);

-- tb_core_dict_type

INSERT INTO `tb_core_dict_type`(`id`, `dict_type_code`, `dict_type_name`, `note`, `del_enabled`, `sort_num`, `parent_id`, `create_user`, `create_time`, `update_user`, `update_time`, `status`, `is_deleted`, `tenant_code`, `is_tree`, `create_org`) VALUES ('35b7cae4d34e11ea97e4a34c90effc21', 'TOP_SYSTEM_CORE_ZDIAN', '核心-基础字典', NULL, 'N', 1, '-1', '1', '2021-03-03 22:33:28', '1', '2021-03-04 00:07:06', 1, 0, '000000', 0, '6836de3b179d11eb8189fa163e5c4fd4');
INSERT INTO `tb_core_dict_type`(`id`, `dict_type_code`, `dict_type_name`, `note`, `del_enabled`, `sort_num`, `parent_id`, `create_user`, `create_time`, `update_user`, `update_time`, `status`, `is_deleted`, `tenant_code`, `is_tree`, `create_org`) VALUES ('35b9e892d34e11ea97e4a34c90effc21', 'CITY_TYPE', '城市类型', NULL, 'N', 1, '35b7cae4d34e11ea97e4a34c90effc21', '1', '2021-03-03 22:33:28', '1', '2021-03-03 22:33:28', 1, 0, '000000', NULL, '6836de3b179d11eb8189fa163e5c4fd4');
INSERT INTO `tb_core_dict_type`(`id`, `dict_type_code`, `dict_type_name`, `note`, `del_enabled`, `sort_num`, `parent_id`, `create_user`, `create_time`, `update_user`, `update_time`, `status`, `is_deleted`, `tenant_code`, `is_tree`, `create_org`) VALUES ('35bc35f2d34e11ea97e4a34c90effc21', 'CITY_LEVEL', '行政区级别', NULL, 'N', 1, '35b7cae4d34e11ea97e4a34c90effc21', '1', '2021-03-03 22:33:28', '1', '2021-03-03 22:33:28', 1, 0, '000000', 0, '6836de3b179d11eb8189fa163e5c4fd4');
INSERT INTO `tb_core_dict_type`(`id`, `dict_type_code`, `dict_type_name`, `note`, `del_enabled`, `sort_num`, `parent_id`, `create_user`, `create_time`, `update_user`, `update_time`, `status`, `is_deleted`, `tenant_code`, `is_tree`, `create_org`) VALUES ('35be8fe6d34e11ea97e4a34c90effc21', 'YYZL', '语言种类', NULL, 'N', 2, '35b7cae4d34e11ea97e4a34c90effc21', '1', '2021-03-03 22:33:28', '1', '2021-03-03 22:33:28', 1, 0, '000000', 0, '6836de3b179d11eb8189fa163e5c4fd4');
INSERT INTO `tb_core_dict_type`(`id`, `dict_type_code`, `dict_type_name`, `note`, `del_enabled`, `sort_num`, `parent_id`, `create_user`, `create_time`, `update_user`, `update_time`, `status`, `is_deleted`, `tenant_code`, `is_tree`, `create_org`) VALUES ('35c0dcbad34e11ea97e4a34c90effc21', 'YN', '是否', NULL, 'N', 3, '35b7cae4d34e11ea97e4a34c90effc21', '1', '2021-03-03 22:33:28', '1', '2021-03-03 22:33:28', 1, 0, '000000', NULL, '6836de3b179d11eb8189fa163e5c4fd4');
INSERT INTO `tb_core_dict_type`(`id`, `dict_type_code`, `dict_type_name`, `note`, `del_enabled`, `sort_num`, `parent_id`, `create_user`, `create_time`, `update_user`, `update_time`, `status`, `is_deleted`, `tenant_code`, `is_tree`, `create_org`) VALUES ('35c394aad34df1ea97e4a34c90effc21', 'DKFS', '页面打开方式', NULL, 'N', 3, '35b7cae4d34e11ea97e4a34c90effc21', '1', '2021-03-03 22:33:28', '1', '2021-03-03 22:33:28', 1, 0, '000000', 0, '6836de3b179d11eb8189fa163e5c4fd4');
INSERT INTO `tb_core_dict_type`(`id`, `dict_type_code`, `dict_type_name`, `note`, `del_enabled`, `sort_num`, `parent_id`, `create_user`, `create_time`, `update_user`, `update_time`, `status`, `is_deleted`, `tenant_code`, `is_tree`, `create_org`) VALUES ('35c394aad34e11ea97e4a34c90effc21', 'YN01', '是否01', NULL, 'N', 3, '35b7cae4d34e11ea97e4a34c90effc21', '1', '2021-03-03 22:33:28', '1', '2021-03-03 22:33:28', 1, 0, '000000', 0, '6836de3b179d11eb8189fa163e5c4fd4');
INSERT INTO `tb_core_dict_type`(`id`, `dict_type_code`, `dict_type_name`, `note`, `del_enabled`, `sort_num`, `parent_id`, `create_user`, `create_time`, `update_user`, `update_time`, `status`, `is_deleted`, `tenant_code`, `is_tree`, `create_org`) VALUES ('35c5c23ed34e11ea97e4a34c90effc21', 'ID_TYPE', '证件类型', NULL, 'N', 4, '35b7cae4d34e11ea97e4a34c90effc21', '1', '2021-03-03 22:33:28', '1', '2021-03-03 22:33:28', 1, 0, '000000', NULL, '6836de3b179d11eb8189fa163e5c4fd4');
INSERT INTO `tb_core_dict_type`(`id`, `dict_type_code`, `dict_type_name`, `note`, `del_enabled`, `sort_num`, `parent_id`, `create_user`, `create_time`, `update_user`, `update_time`, `status`, `is_deleted`, `tenant_code`, `is_tree`, `create_org`) VALUES ('35c800eed34e11ea97e4a34c90effc21', 'USER_TYPE', '用户类型', NULL, 'N', 4, '35b7cae4d34e11ea97e4a34c90effc21', '1', '2021-03-03 22:33:28', '1', '2021-03-03 22:33:28', 1, 0, '000000', NULL, '6836de3b179d11eb8189fa163e5c4fd4');
INSERT INTO `tb_core_dict_type`(`id`, `dict_type_code`, `dict_type_name`, `note`, `del_enabled`, `sort_num`, `parent_id`, `create_user`, `create_time`, `update_user`, `update_time`, `status`, `is_deleted`, `tenant_code`, `is_tree`, `create_org`) VALUES ('35ca0a42d34e11ea97e4a34c90effc21', 'XBIE', '性别', NULL, 'N', 4, '35b7cae4d34e11ea97e4a34c90effc21', '1', '2021-03-03 22:33:28', '1', '2021-03-03 22:33:28', 1, 0, '000000', NULL, '6836de3b179d11eb8189fa163e5c4fd4');
INSERT INTO `tb_core_dict_type`(`id`, `dict_type_code`, `dict_type_name`, `note`, `del_enabled`, `sort_num`, `parent_id`, `create_user`, `create_time`, `update_user`, `update_time`, `status`, `is_deleted`, `tenant_code`, `is_tree`, `create_org`) VALUES ('9956ff08f4fce46c636cf3088a79071f', 'DATA_SCOPE_TYPE', '数据权限类型', NULL, 'N', 0, '35b7cae4d34e11ea97e4a34c90effc21', '1', '2021-03-03 22:33:28', '1', '2021-03-03 22:33:28', 1, 0, '000000', NULL, '6836de3b179d11eb8189fa163e5c4fd4');
INSERT INTO `tb_core_dict_type`(`id`, `dict_type_code`, `dict_type_name`, `note`, `del_enabled`, `sort_num`, `parent_id`, `create_user`, `create_time`, `update_user`, `update_time`, `status`, `is_deleted`, `tenant_code`, `is_tree`, `create_org`) VALUES ('e3e017c25511bcbae96ceff1c6b4b0e8', 'TOP_BUSINESS_ZDIAN', '业务-基础字典', '', 'Y', 2, '-1', '1', '2021-03-06 00:58:23', '1', '2021-03-06 00:58:23', 1, 0, '000000', 0, '6836de3b179d11eb8189fa163e5c4fd4');

-- tb_core_dict

INSERT INTO `tb_core_dict`(`id`, `dict_type_code`, `code`, `name`, `parent_id`, `locale_id`, `note`, `sort_num`, `create_user`, `create_time`, `update_user`, `update_time`, `status`, `is_deleted`, `dict_level`, `pcode`, `tenant_code`, `create_org`) VALUES ('042da36f48ee1f7b770b9bc268d92ef7', 'DKFS', '_parent', '_parent', '-1', 'zh_cn', '', 0, '1', '2021-03-03 22:33:23', '1', '2021-03-03 22:33:23', 1, 0, NULL, '-1', '000000', '6836de3b179d11eb8189fa163e5c4fd4');
INSERT INTO `tb_core_dict`(`id`, `dict_type_code`, `code`, `name`, `parent_id`, `locale_id`, `note`, `sort_num`, `create_user`, `create_time`, `update_user`, `update_time`, `status`, `is_deleted`, `dict_level`, `pcode`, `tenant_code`, `create_org`) VALUES ('0ef40a2ab64209d0f3a5b6a7497567cf', 'DATA_SCOPE_TYPE', '1', '全部可见', '-1', 'zh_cn', '', 0, '1', '2021-03-03 22:33:23', '1', '2021-03-03 22:33:23', 1, 0, NULL, '-1', '000000', '6836de3b179d11eb8189fa163e5c4fd4');
INSERT INTO `tb_core_dict`(`id`, `dict_type_code`, `code`, `name`, `parent_id`, `locale_id`, `note`, `sort_num`, `create_user`, `create_time`, `update_user`, `update_time`, `status`, `is_deleted`, `dict_level`, `pcode`, `tenant_code`, `create_org`) VALUES ('11d904cc5adb42f6474f0b7f71248a8d', 'DKFS', '_top', '_top', '-1', 'zh_cn', '', 0, '1', '2021-03-03 22:33:23', '1', '2021-03-03 22:33:23', 1, 0, NULL, '-1', '000000', '6836de3b179d11eb8189fa163e5c4fd4');
INSERT INTO `tb_core_dict`(`id`, `dict_type_code`, `code`, `name`, `parent_id`, `locale_id`, `note`, `sort_num`, `create_user`, `create_time`, `update_user`, `update_time`, `status`, `is_deleted`, `dict_level`, `pcode`, `tenant_code`, `create_org`) VALUES ('1ebf911a58af5dbe5edf7d1040913037', 'DKFS', '_blank', '_blank', '-1', 'zh_cn', '', 0, '1', '2021-03-03 22:33:23', '1', '2021-03-03 22:33:23', 1, 0, NULL, '-1', '000000', '6836de3b179d11eb8189fa163e5c4fd4');
INSERT INTO `tb_core_dict`(`id`, `dict_type_code`, `code`, `name`, `parent_id`, `locale_id`, `note`, `sort_num`, `create_user`, `create_time`, `update_user`, `update_time`, `status`, `is_deleted`, `dict_level`, `pcode`, `tenant_code`, `create_org`) VALUES ('3aab45eed34e11ea97e4a34c90effc21', 'CITY_TYPE', '1', '首都', '-1', 'zh_cn', NULL, 1, '1', '2021-03-03 22:33:23', '1', '2021-03-03 22:33:23', 1, 0, NULL, '-1', '000000', '6836de3b179d11eb8189fa163e5c4fd4');
INSERT INTO `tb_core_dict`(`id`, `dict_type_code`, `code`, `name`, `parent_id`, `locale_id`, `note`, `sort_num`, `create_user`, `create_time`, `update_user`, `update_time`, `status`, `is_deleted`, `dict_level`, `pcode`, `tenant_code`, `create_org`) VALUES ('3aae10bcd34e11ea97e4a34c90effc21', 'CITY_TYPE', '2', '直辖市', '-1', 'zh_cn', NULL, 1, '1', '2021-03-03 22:33:23', '1', '2021-03-03 22:33:23', 1, 0, NULL, '-1', '000000', '6836de3b179d11eb8189fa163e5c4fd4');
INSERT INTO `tb_core_dict`(`id`, `dict_type_code`, `code`, `name`, `parent_id`, `locale_id`, `note`, `sort_num`, `create_user`, `create_time`, `update_user`, `update_time`, `status`, `is_deleted`, `dict_level`, `pcode`, `tenant_code`, `create_org`) VALUES ('3ab01632d34e11ea97e4a34c90effc21', 'CITY_TYPE', '3', '地级市', '-1', 'zh_cn', NULL, 1, '1', '2021-03-03 22:33:23', '1', '2021-03-03 22:33:23', 1, 0, NULL, '-1', '000000', '6836de3b179d11eb8189fa163e5c4fd4');
INSERT INTO `tb_core_dict`(`id`, `dict_type_code`, `code`, `name`, `parent_id`, `locale_id`, `note`, `sort_num`, `create_user`, `create_time`, `update_user`, `update_time`, `status`, `is_deleted`, `dict_level`, `pcode`, `tenant_code`, `create_org`) VALUES ('3ab1e21ed34e11ea97e4a34c90effc21', 'CITY_TYPE', '4', '县级市', '-1', 'zh_cn', NULL, 1, '1', '2021-03-03 22:33:23', '1', '2021-03-03 22:33:23', 1, 0, NULL, '-1', '000000', '6836de3b179d11eb8189fa163e5c4fd4');
INSERT INTO `tb_core_dict`(`id`, `dict_type_code`, `code`, `name`, `parent_id`, `locale_id`, `note`, `sort_num`, `create_user`, `create_time`, `update_user`, `update_time`, `status`, `is_deleted`, `dict_level`, `pcode`, `tenant_code`, `create_org`) VALUES ('3ab3cea8d34e11ea97e4a34c90effc21', 'CITY_TYPE', '9', '其他', '-1', 'zh_cn', NULL, 1, '1', '2021-03-03 22:33:23', '1', '2021-03-03 22:33:23', 1, 0, NULL, '-1', '000000', '6836de3b179d11eb8189fa163e5c4fd4');
INSERT INTO `tb_core_dict`(`id`, `dict_type_code`, `code`, `name`, `parent_id`, `locale_id`, `note`, `sort_num`, `create_user`, `create_time`, `update_user`, `update_time`, `status`, `is_deleted`, `dict_level`, `pcode`, `tenant_code`, `create_org`) VALUES ('3ab5a0fcd34e11ea97e4a34c90effc21', 'CITY_LEVEL', '1', '省份/直辖市', '-1', 'zh_cn', NULL, 1, '1', '2021-03-03 22:33:23', '1', '2021-03-03 22:33:23', 1, 0, NULL, '-1', '000000', '6836de3b179d11eb8189fa163e5c4fd4');
INSERT INTO `tb_core_dict`(`id`, `dict_type_code`, `code`, `name`, `parent_id`, `locale_id`, `note`, `sort_num`, `create_user`, `create_time`, `update_user`, `update_time`, `status`, `is_deleted`, `dict_level`, `pcode`, `tenant_code`, `create_org`) VALUES ('3ab78282d34e11ea97e4a34c90effc21', 'CITY_LEVEL', '2', '地市', '-1', 'zh_cn', NULL, 1, '1', '2021-03-03 22:33:23', '1', '2021-03-03 22:33:23', 1, 0, NULL, '-1', '000000', '6836de3b179d11eb8189fa163e5c4fd4');
INSERT INTO `tb_core_dict`(`id`, `dict_type_code`, `code`, `name`, `parent_id`, `locale_id`, `note`, `sort_num`, `create_user`, `create_time`, `update_user`, `update_time`, `status`, `is_deleted`, `dict_level`, `pcode`, `tenant_code`, `create_org`) VALUES ('3ab93fa0d34e11ea97e4a34c90effc21', 'CITY_LEVEL', '3', '区县', '-1', 'zh_cn', NULL, 1, '1', '2021-03-03 22:33:23', '1', '2021-03-03 22:33:23', 1, 0, NULL, '-1', '000000', '6836de3b179d11eb8189fa163e5c4fd4');
INSERT INTO `tb_core_dict`(`id`, `dict_type_code`, `code`, `name`, `parent_id`, `locale_id`, `note`, `sort_num`, `create_user`, `create_time`, `update_user`, `update_time`, `status`, `is_deleted`, `dict_level`, `pcode`, `tenant_code`, `create_org`) VALUES ('3abb673ad34e11ea97e4a34c90effc21', 'CITY_LEVEL', '4', '乡镇/街道', '-1', 'zh_cn', NULL, 1, '1', '2021-03-03 22:33:23', '1', '2021-03-03 22:33:23', 1, 0, NULL, '-1', '000000', '6836de3b179d11eb8189fa163e5c4fd4');
INSERT INTO `tb_core_dict`(`id`, `dict_type_code`, `code`, `name`, `parent_id`, `locale_id`, `note`, `sort_num`, `create_user`, `create_time`, `update_user`, `update_time`, `status`, `is_deleted`, `dict_level`, `pcode`, `tenant_code`, `create_org`) VALUES ('3abd1e54d34e11ea97e4a34c90effc21', 'CITY_LEVEL', '5', '村委', '-1', 'zh_cn', NULL, 1, '1', '2021-03-03 22:33:23', '1', '2021-03-03 22:33:23', 1, 0, NULL, '-1', '000000', '6836de3b179d11eb8189fa163e5c4fd4');
INSERT INTO `tb_core_dict`(`id`, `dict_type_code`, `code`, `name`, `parent_id`, `locale_id`, `note`, `sort_num`, `create_user`, `create_time`, `update_user`, `update_time`, `status`, `is_deleted`, `dict_level`, `pcode`, `tenant_code`, `create_org`) VALUES ('3abf0732d34e11ea97e4a34c90effc21', 'YYZL', 'zh_cn', '中文', '-1', 'zh_cn', NULL, 1, '1', '2021-03-03 22:33:23', '1', '2021-03-03 22:33:23', 1, 0, NULL, '-1', '000000', '6836de3b179d11eb8189fa163e5c4fd4');
INSERT INTO `tb_core_dict`(`id`, `dict_type_code`, `code`, `name`, `parent_id`, `locale_id`, `note`, `sort_num`, `create_user`, `create_time`, `update_user`, `update_time`, `status`, `is_deleted`, `dict_level`, `pcode`, `tenant_code`, `create_org`) VALUES ('3ac0a132d34e11ea97e4a34c90effc21', 'YYZL', 'en_us', '英文', '-1', 'zh_cn', NULL, 1, '1', '2021-03-03 22:33:23', '1', '2021-03-03 22:33:23', 1, 0, NULL, '-1', '000000', '6836de3b179d11eb8189fa163e5c4fd4');
INSERT INTO `tb_core_dict`(`id`, `dict_type_code`, `code`, `name`, `parent_id`, `locale_id`, `note`, `sort_num`, `create_user`, `create_time`, `update_user`, `update_time`, `status`, `is_deleted`, `dict_level`, `pcode`, `tenant_code`, `create_org`) VALUES ('3ac2a374d34e11ea97e4a34c90effc21', 'YN', 'Y', '是', '-1', 'zh_cn', NULL, 2, '1', '2021-03-03 22:33:23', '1', '2021-03-03 22:33:23', 1, 0, NULL, '-1', '000000', '6836de3b179d11eb8189fa163e5c4fd4');
INSERT INTO `tb_core_dict`(`id`, `dict_type_code`, `code`, `name`, `parent_id`, `locale_id`, `note`, `sort_num`, `create_user`, `create_time`, `update_user`, `update_time`, `status`, `is_deleted`, `dict_level`, `pcode`, `tenant_code`, `create_org`) VALUES ('3ac41fb0d34e11ea97e4a34c90effc21', 'YN', 'N', '否', '-1', 'zh_cn', NULL, 1, '1', '2021-03-03 22:33:23', '1', '2021-03-03 22:33:23', 1, 0, NULL, '-1', '000000', '6836de3b179d11eb8189fa163e5c4fd4');
INSERT INTO `tb_core_dict`(`id`, `dict_type_code`, `code`, `name`, `parent_id`, `locale_id`, `note`, `sort_num`, `create_user`, `create_time`, `update_user`, `update_time`, `status`, `is_deleted`, `dict_level`, `pcode`, `tenant_code`, `create_org`) VALUES ('3ac5f506d34e11ea97e4a34c90effc21', 'YN01', '1', '是', '-1', 'zh_cn', NULL, 2, '1', '2021-03-03 22:33:23', '1', '2021-03-03 22:33:23', 1, 0, NULL, '-1', '000000', '6836de3b179d11eb8189fa163e5c4fd4');
INSERT INTO `tb_core_dict`(`id`, `dict_type_code`, `code`, `name`, `parent_id`, `locale_id`, `note`, `sort_num`, `create_user`, `create_time`, `update_user`, `update_time`, `status`, `is_deleted`, `dict_level`, `pcode`, `tenant_code`, `create_org`) VALUES ('3ac7a338d34e11ea97e4a34c90effc21', 'YN01', '0', '否', '-1', 'zh_cn', 'null', 1, '1', '2021-03-03 22:33:23', '1', '2021-03-03 22:33:23', 1, 0, NULL, '-1', '000000', '6836de3b179d11eb8189fa163e5c4fd4');
INSERT INTO `tb_core_dict`(`id`, `dict_type_code`, `code`, `name`, `parent_id`, `locale_id`, `note`, `sort_num`, `create_user`, `create_time`, `update_user`, `update_time`, `status`, `is_deleted`, `dict_level`, `pcode`, `tenant_code`, `create_org`) VALUES ('3ac96b14d34e11ea97e4a34c90effc21', 'ID_TYPE', '1', '身份证', '-1', 'zh_cn', NULL, 1, '1', '2021-03-03 22:33:23', '1', '2021-03-03 22:33:23', 1, 0, NULL, '-1', '000000', '6836de3b179d11eb8189fa163e5c4fd4');
INSERT INTO `tb_core_dict`(`id`, `dict_type_code`, `code`, `name`, `parent_id`, `locale_id`, `note`, `sort_num`, `create_user`, `create_time`, `update_user`, `update_time`, `status`, `is_deleted`, `dict_level`, `pcode`, `tenant_code`, `create_org`) VALUES ('3acf7946d34e11ea97e4a34c90effc21', 'ID_TYPE', '2', '中国护照', '-1', 'zh_cn', NULL, 1, '1', '2021-03-03 22:33:23', '1', '2021-03-03 22:33:23', 1, 0, NULL, '-1', '000000', '6836de3b179d11eb8189fa163e5c4fd4');
INSERT INTO `tb_core_dict`(`id`, `dict_type_code`, `code`, `name`, `parent_id`, `locale_id`, `note`, `sort_num`, `create_user`, `create_time`, `update_user`, `update_time`, `status`, `is_deleted`, `dict_level`, `pcode`, `tenant_code`, `create_org`) VALUES ('3ad1086ad34e11ea97e4a34c90effc21', 'ID_TYPE', '3', '台胞证', '-1', 'zh_cn', NULL, 1, '1', '2021-03-03 22:33:23', '1', '2021-03-03 22:33:23', 1, 0, NULL, '-1', '000000', '6836de3b179d11eb8189fa163e5c4fd4');
INSERT INTO `tb_core_dict`(`id`, `dict_type_code`, `code`, `name`, `parent_id`, `locale_id`, `note`, `sort_num`, `create_user`, `create_time`, `update_user`, `update_time`, `status`, `is_deleted`, `dict_level`, `pcode`, `tenant_code`, `create_org`) VALUES ('3ad2d410d34e11ea97e4a34c90effc21', 'ID_TYPE', '4', '外国护照', '-1', 'zh_cn', NULL, 1, '1', '2021-03-03 22:33:23', '1', '2021-03-03 22:33:23', 1, 0, NULL, '-1', '000000', '6836de3b179d11eb8189fa163e5c4fd4');
INSERT INTO `tb_core_dict`(`id`, `dict_type_code`, `code`, `name`, `parent_id`, `locale_id`, `note`, `sort_num`, `create_user`, `create_time`, `update_user`, `update_time`, `status`, `is_deleted`, `dict_level`, `pcode`, `tenant_code`, `create_org`) VALUES ('3ad430f8d34e11ea97e4a34c90effc21', 'ID_TYPE', '5', '外国人永居证', '-1', 'zh_cn', NULL, 1, '1', '2021-03-03 22:33:23', '1', '2021-03-03 22:33:23', 1, 0, NULL, '-1', '000000', '6836de3b179d11eb8189fa163e5c4fd4');
INSERT INTO `tb_core_dict`(`id`, `dict_type_code`, `code`, `name`, `parent_id`, `locale_id`, `note`, `sort_num`, `create_user`, `create_time`, `update_user`, `update_time`, `status`, `is_deleted`, `dict_level`, `pcode`, `tenant_code`, `create_org`) VALUES ('3ad5ef88d34e11ea97e4a34c90effc21', 'USER_TYPE', '0', '系统用户', '-1', 'zh_cn', NULL, 1, '1', '2021-03-03 22:33:23', '1', '2021-03-03 22:33:23', 1, 0, NULL, '-1', '000000', '6836de3b179d11eb8189fa163e5c4fd4');
INSERT INTO `tb_core_dict`(`id`, `dict_type_code`, `code`, `name`, `parent_id`, `locale_id`, `note`, `sort_num`, `create_user`, `create_time`, `update_user`, `update_time`, `status`, `is_deleted`, `dict_level`, `pcode`, `tenant_code`, `create_org`) VALUES ('3ad74ae0d34e11ea97e4a34c90effc21', 'USER_TYPE', '1', '普通用户', '-1', 'zh_cn', NULL, 1, '1', '2021-03-03 22:33:23', '1', '2021-03-03 22:33:23', 1, 0, NULL, '-1', '000000', '6836de3b179d11eb8189fa163e5c4fd4');
INSERT INTO `tb_core_dict`(`id`, `dict_type_code`, `code`, `name`, `parent_id`, `locale_id`, `note`, `sort_num`, `create_user`, `create_time`, `update_user`, `update_time`, `status`, `is_deleted`, `dict_level`, `pcode`, `tenant_code`, `create_org`) VALUES ('3ad8fed0d34e11ea97e4a34c90effc21', 'USER_TYPE', '2', '单位用户', '-1', 'zh_cn', NULL, 1, '1', '2021-03-03 22:33:23', '1', '2021-03-03 22:33:23', 1, 0, NULL, '-1', '000000', '6836de3b179d11eb8189fa163e5c4fd4');
INSERT INTO `tb_core_dict`(`id`, `dict_type_code`, `code`, `name`, `parent_id`, `locale_id`, `note`, `sort_num`, `create_user`, `create_time`, `update_user`, `update_time`, `status`, `is_deleted`, `dict_level`, `pcode`, `tenant_code`, `create_org`) VALUES ('3ada5e38d34e11ea97e4a34c90effc21', 'USER_TYPE', '3', '会员', '-1', 'zh_cn', NULL, 1, '1', '2021-03-03 22:33:23', '1', '2021-03-03 22:33:23', 1, 0, NULL, '-1', '000000', '6836de3b179d11eb8189fa163e5c4fd4');
INSERT INTO `tb_core_dict`(`id`, `dict_type_code`, `code`, `name`, `parent_id`, `locale_id`, `note`, `sort_num`, `create_user`, `create_time`, `update_user`, `update_time`, `status`, `is_deleted`, `dict_level`, `pcode`, `tenant_code`, `create_org`) VALUES ('3adbaf2cd34e11ea97e4a34c90effc21', 'USER_TYPE', '9', '匿名用户', '-1', 'zh_cn', NULL, 1, '1', '2021-03-03 22:33:23', '1', '2021-03-03 22:33:23', 1, 0, NULL, '-1', '000000', '6836de3b179d11eb8189fa163e5c4fd4');
INSERT INTO `tb_core_dict`(`id`, `dict_type_code`, `code`, `name`, `parent_id`, `locale_id`, `note`, `sort_num`, `create_user`, `create_time`, `update_user`, `update_time`, `status`, `is_deleted`, `dict_level`, `pcode`, `tenant_code`, `create_org`) VALUES ('3adbaf2cd34e11ea97e4a34c90rffc21', 'USER_TYPE', '4', '客服用户', '-1', 'zh_cn', NULL, 0, '1', '2021-03-03 22:33:23', '1', '2021-03-03 22:33:23', 1, 0, NULL, '-1', '000000', '6836de3b179d11eb8189fa163e5c4fd4');
INSERT INTO `tb_core_dict`(`id`, `dict_type_code`, `code`, `name`, `parent_id`, `locale_id`, `note`, `sort_num`, `create_user`, `create_time`, `update_user`, `update_time`, `status`, `is_deleted`, `dict_level`, `pcode`, `tenant_code`, `create_org`) VALUES ('3add39aad34e11ea97e4a34c90effc21', 'XBIE', 'FEMALE', '女', '-1', 'zh_cn', NULL, 1, '1', '2021-03-03 22:33:23', '1', '2021-03-03 22:33:23', 1, 0, NULL, '-1', '000000', '6836de3b179d11eb8189fa163e5c4fd4');
INSERT INTO `tb_core_dict`(`id`, `dict_type_code`, `code`, `name`, `parent_id`, `locale_id`, `note`, `sort_num`, `create_user`, `create_time`, `update_user`, `update_time`, `status`, `is_deleted`, `dict_level`, `pcode`, `tenant_code`, `create_org`) VALUES ('3ade7ce8d34e11ea97e4a34c90effc21', 'XBIE', 'MAN', '男', '-1', 'zh_cn', NULL, 1, '1', '2021-03-03 22:33:23', '1', '2021-03-03 22:33:23', 1, 0, NULL, '-1', '000000', '6836de3b179d11eb8189fa163e5c4fd4');
INSERT INTO `tb_core_dict`(`id`, `dict_type_code`, `code`, `name`, `parent_id`, `locale_id`, `note`, `sort_num`, `create_user`, `create_time`, `update_user`, `update_time`, `status`, `is_deleted`, `dict_level`, `pcode`, `tenant_code`, `create_org`) VALUES ('680467c0fe28f1b9b0dba5e3dec166f2', 'DKFS', '_self', '_self', '-1', 'zh_cn', '', 0, '1', '2021-03-03 22:33:23', '1', '2021-03-03 22:33:23', 1, 0, NULL, '-1', '000000', '6836de3b179d11eb8189fa163e5c4fd4');
INSERT INTO `tb_core_dict`(`id`, `dict_type_code`, `code`, `name`, `parent_id`, `locale_id`, `note`, `sort_num`, `create_user`, `create_time`, `update_user`, `update_time`, `status`, `is_deleted`, `dict_level`, `pcode`, `tenant_code`, `create_org`) VALUES ('976db32950232e2d183857e13e25d8fd', 'DATA_SCOPE_TYPE', '2', '本人可见', '-1', 'zh_cn', '', 0, '1', '2021-03-03 22:33:23', '1', '2021-03-03 22:33:23', 1, 0, NULL, '-1', '000000', '6836de3b179d11eb8189fa163e5c4fd4');
INSERT INTO `tb_core_dict`(`id`, `dict_type_code`, `code`, `name`, `parent_id`, `locale_id`, `note`, `sort_num`, `create_user`, `create_time`, `update_user`, `update_time`, `status`, `is_deleted`, `dict_level`, `pcode`, `tenant_code`, `create_org`) VALUES ('9ecb571f3640ae36818544f0a575892d', 'DATA_SCOPE_TYPE', '4', '所在机构及子级可见', '-1', 'zh_cn', '', 0, '1', '2021-03-03 22:33:23', '1', '2021-03-03 22:33:23', 1, 0, NULL, '-1', '000000', '6836de3b179d11eb8189fa163e5c4fd4');
INSERT INTO `tb_core_dict`(`id`, `dict_type_code`, `code`, `name`, `parent_id`, `locale_id`, `note`, `sort_num`, `create_user`, `create_time`, `update_user`, `update_time`, `status`, `is_deleted`, `dict_level`, `pcode`, `tenant_code`, `create_org`) VALUES ('a3dda135564dee5ce443145f6e1b4266', 'DATA_SCOPE_TYPE', '5', '自定义', '-1', 'zh_cn', '', 0, '1', '2021-03-03 22:33:23', '1', '2021-03-03 22:33:23', 1, 0, NULL, '-1', '000000', '6836de3b179d11eb8189fa163e5c4fd4');
INSERT INTO `tb_core_dict`(`id`, `dict_type_code`, `code`, `name`, `parent_id`, `locale_id`, `note`, `sort_num`, `create_user`, `create_time`, `update_user`, `update_time`, `status`, `is_deleted`, `dict_level`, `pcode`, `tenant_code`, `create_org`) VALUES ('a52a54d2b562466f8d2a968f6543e039', 'DATA_SCOPE_TYPE', '3', '所在机构可见', '-1', 'zh_cn', '', 0, '1', '2021-03-03 22:33:23', '1', '2021-03-03 22:33:23', 1, 0, NULL, '-1', '000000', '6836de3b179d11eb8189fa163e5c4fd4');

-- tb_core_function

INSERT INTO `tb_core_function`(`id`, `function_name`, `alias`, `code`, `parent_id`, `url`, `is_menu`, `icon`, `target`, `sort`, `remark`, `moude_summary`, `operate_instruction`, `function_level`, `create_user`, `create_time`, `update_user`, `update_time`, `status`, `is_deleted`, `create_org`) VALUES ('051f2e0b81bb4b80706a61e5b78ba507', '网关管理', '网关', 'GATEWAY', '-1', '/gateway', 1, 'iconfont iconicon_subordinate', '_blank', 7, '', '', '', NULL, '1', '2021-03-04 00:34:30', '1', '2021-03-04 01:03:02', 1, 0, '6836de3b179d11eb8189fa163e5c4fd4');
INSERT INTO `tb_core_function`(`id`, `function_name`, `alias`, `code`, `parent_id`, `url`, `is_menu`, `icon`, `target`, `sort`, `remark`, `moude_summary`, `operate_instruction`, `function_level`, `create_user`, `create_time`, `update_user`, `update_time`, `status`, `is_deleted`, `create_org`) VALUES ('0598083cae72c56543f0f71d6647beb0', '菜单列表', '菜单列表', 'SYSTEM_DATASCOPE_MENU', 'a49e8d5ad34711ea97e4a34c90effcdz', '/core/function/listByParent', 0, '', '_self', 0, '', '', '', NULL, '1', '2021-03-03 23:07:31', '1', '2021-03-03 23:07:31', 1, 0, '6836de3b179d11eb8189fa163e5c4fd4');
INSERT INTO `tb_core_function`(`id`, `function_name`, `alias`, `code`, `parent_id`, `url`, `is_menu`, `icon`, `target`, `sort`, `remark`, `moude_summary`, `operate_instruction`, `function_level`, `create_user`, `create_time`, `update_user`, `update_time`, `status`, `is_deleted`, `create_org`) VALUES ('120f180f614be32314df530a27948d02', '文件详情', '文件详情', 'SYSTEM_FILE_DETAIL', 'a4a0a4aad34711ea97dxa34c90effc21', '/core/file/get', 0, '', '_self', 0, '', '', '', NULL, '1', '2021-03-03 23:37:02', '1', '2021-03-03 23:37:02', 1, 0, '6836de3b179d11eb8189fa163e5c4fd4');
INSERT INTO `tb_core_function`(`id`, `function_name`, `alias`, `code`, `parent_id`, `url`, `is_menu`, `icon`, `target`, `sort`, `remark`, `moude_summary`, `operate_instruction`, `function_level`, `create_user`, `create_time`, `update_user`, `update_time`, `status`, `is_deleted`, `create_org`) VALUES ('157e8f211e19526150bd1d4e79abc8af', '更新文件', '修改', 'SYSTEM_FILE_UPDATE', 'a4a0a4aad34711ea97dxa34c90effc21', '/core/file/update', 0, '', '_self', 1, '', NULL, NULL, 3, '1', '2021-03-03 22:33:41', '1', '2021-03-03 23:37:37', 1, 0, '6836de3b179d11eb8189fa163e5c4fd4');
INSERT INTO `tb_core_function`(`id`, `function_name`, `alias`, `code`, `parent_id`, `url`, `is_menu`, `icon`, `target`, `sort`, `remark`, `moude_summary`, `operate_instruction`, `function_level`, `create_user`, `create_time`, `update_user`, `update_time`, `status`, `is_deleted`, `create_org`) VALUES ('1e3000b30595416e278322811a1b03d1', '文件列表', '文件列表', 'SYSTEM_FILE_LIST', 'a4a0a4aad34711ea97dxa34c90effc21', '/core/file/listPage', 0, '', '_self', 0, '', NULL, NULL, 3, '1', '2021-03-03 22:33:41', '1', '2021-03-03 23:37:23', 1, 0, '6836de3b179d11eb8189fa163e5c4fd4');
INSERT INTO `tb_core_function`(`id`, `function_name`, `alias`, `code`, `parent_id`, `url`, `is_menu`, `icon`, `target`, `sort`, `remark`, `moude_summary`, `operate_instruction`, `function_level`, `create_user`, `create_time`, `update_user`, `update_time`, `status`, `is_deleted`, `create_org`) VALUES ('28959acc90138a3737292e4678f9785d', '文件下载', '下载', 'DOWNLOAD', '-1', '/core/file/download', 0, '', '_self', 105, '', '', '', 0, '1', '2021-03-03 22:33:41', '1', '2021-03-03 23:38:16', 1, 0, '6836de3b179d11eb8189fa163e5c4fd4');
INSERT INTO `tb_core_function`(`id`, `function_name`, `alias`, `code`, `parent_id`, `url`, `is_menu`, `icon`, `target`, `sort`, `remark`, `moude_summary`, `operate_instruction`, `function_level`, `create_user`, `create_time`, `update_user`, `update_time`, `status`, `is_deleted`, `create_org`) VALUES ('28a8f330d5b53fffb1284f1af20e7e07', '组织管理', '组织', 'ORG', '-1', '/org', 1, 'iconfont iconicon_shakehands', '_self', 1, '', '', '', NULL, '1', '2021-03-03 22:33:41', '1', '2021-03-03 22:54:49', 1, 0, '6836de3b179d11eb8189fa163e5c4fd4');
INSERT INTO `tb_core_function`(`id`, `function_name`, `alias`, `code`, `parent_id`, `url`, `is_menu`, `icon`, `target`, `sort`, `remark`, `moude_summary`, `operate_instruction`, `function_level`, `create_user`, `create_time`, `update_user`, `update_time`, `status`, `is_deleted`, `create_org`) VALUES ('2d250d5a426f7c84faae2dfe21142284', '权限设置', '权限', 'AUTHORITY', '-1', '/authority', 1, 'iconfont iconicon_safety', '_self', 2, '', '', '', NULL, '1', '2021-03-03 22:33:41', '1', '2021-03-03 22:54:57', 1, 0, '6836de3b179d11eb8189fa163e5c4fd4');
INSERT INTO `tb_core_function`(`id`, `function_name`, `alias`, `code`, `parent_id`, `url`, `is_menu`, `icon`, `target`, `sort`, `remark`, `moude_summary`, `operate_instruction`, `function_level`, `create_user`, `create_time`, `update_user`, `update_time`, `status`, `is_deleted`, `create_org`) VALUES ('2fea9b3607bd4837e91869289304d9da', '链路监控', '链路', 'SKYWALKING', '30b4baffc04b62602bdb79a25f307462', 'http://skywalking.jpower.top', 1, 'iconfont icon-iconset0216', '_blank', 0, '', '', '', NULL, '1', '2021-03-04 00:38:42', '1', '2021-03-04 00:40:16', 1, 0, '6836de3b179d11eb8189fa163e5c4fd4');
INSERT INTO `tb_core_function`(`id`, `function_name`, `alias`, `code`, `parent_id`, `url`, `is_menu`, `icon`, `target`, `sort`, `remark`, `moude_summary`, `operate_instruction`, `function_level`, `create_user`, `create_time`, `update_user`, `update_time`, `status`, `is_deleted`, `create_org`) VALUES ('30b4baffc04b62602bdb79a25f307462', '系统监控', '监控', 'MONITOR', '-1', '/monitor', 1, 'iconfont icon-yanzhengma', '_blank', 5, '', '', '', NULL, '1', '2021-03-04 00:31:33', '1', '2021-03-04 01:03:12', 1, 0, '6836de3b179d11eb8189fa163e5c4fd4');
INSERT INTO `tb_core_function`(`id`, `function_name`, `alias`, `code`, `parent_id`, `url`, `is_menu`, `icon`, `target`, `sort`, `remark`, `moude_summary`, `operate_instruction`, `function_level`, `create_user`, `create_time`, `update_user`, `update_time`, `status`, `is_deleted`, `create_org`) VALUES ('3c8f3b1eaa17df74ddb71e681f41c1fe', '应用监控', '应用', 'SPRING-BOOT-ADMIN', '30b4baffc04b62602bdb79a25f307462', 'http://admin.jpower.top', 1, 'iconfont iconicon_safety', '_blank', 0, '', '', '', NULL, '1', '2021-03-04 00:43:27', '1', '2021-03-04 00:50:08', 1, 0, '6836de3b179d11eb8189fa163e5c4fd4');
INSERT INTO `tb_core_function`(`id`, `function_name`, `alias`, `code`, `parent_id`, `url`, `is_menu`, `icon`, `target`, `sort`, `remark`, `moude_summary`, `operate_instruction`, `function_level`, `create_user`, `create_time`, `update_user`, `update_time`, `status`, `is_deleted`, `create_org`) VALUES ('46e6eef6d17d6687a7f92377fe714b28', '下级部门', '下级部门列表', 'SYSTEM_ORGCHILDER_LIST', 'a49e8d5ad34711ea97e4a34c90effc21', '/core/org/listLazyByParent', 0, '', '_self', 0, '', NULL, NULL, NULL, '1', '2021-03-03 22:33:41', '1', '2021-03-03 22:54:15', 1, 0, '6836de3b179d11eb8189fa163e5c4fd4');
INSERT INTO `tb_core_function`(`id`, `function_name`, `alias`, `code`, `parent_id`, `url`, `is_menu`, `icon`, `target`, `sort`, `remark`, `moude_summary`, `operate_instruction`, `function_level`, `create_user`, `create_time`, `update_user`, `update_time`, `status`, `is_deleted`, `create_org`) VALUES ('4e2203c3d111d8ab1d70c2bae80bba33', '菜单树形', '菜单树', 'SYSTEM_ROLE_MENUTREE', 'f05fe7b4c8817b808f93b095b070d16b', '/core/function/menuTree', 0, '', '_self', 3, '', NULL, NULL, 3, '1', '2021-03-03 22:33:41', '1', '2021-03-03 23:20:07', 1, 0, '6836de3b179d11eb8189fa163e5c4fd4');
INSERT INTO `tb_core_function`(`id`, `function_name`, `alias`, `code`, `parent_id`, `url`, `is_menu`, `icon`, `target`, `sort`, `remark`, `moude_summary`, `operate_instruction`, `function_level`, `create_user`, `create_time`, `update_user`, `update_time`, `status`, `is_deleted`, `create_org`) VALUES ('63ac9cc0db577090ec81e4ef79f47845', '字典类型树', '查询字典类型树', 'SYSTEM_DICT_TYPELIST', 'a4acf71ed34711ea97e4a34c90effc21', '/core/dict/dictTypeTree', 0, '', '_self', 0, '', '', '', NULL, '1', '2021-03-03 22:33:41', '1', '2021-03-03 23:49:47', 1, 0, '6836de3b179d11eb8189fa163e5c4fd4');
INSERT INTO `tb_core_function`(`id`, `function_name`, `alias`, `code`, `parent_id`, `url`, `is_menu`, `icon`, `target`, `sort`, `remark`, `moude_summary`, `operate_instruction`, `function_level`, `create_user`, `create_time`, `update_user`, `update_time`, `status`, `is_deleted`, `create_org`) VALUES ('755965c6ff3e23e560e2f873e63420ea', '注册中心', 'NACOS', 'NACOS', '051f2e0b81bb4b80706a61e5b78ba507', 'http://nacos.jpower.top', 1, 'iconfont icon-iconset0265', '_blank', 0, '', '', '', NULL, '1', '2021-03-04 00:45:29', '1', '2021-03-04 00:49:54', 1, 0, '6836de3b179d11eb8189fa163e5c4fd4');
INSERT INTO `tb_core_function`(`id`, `function_name`, `alias`, `code`, `parent_id`, `url`, `is_menu`, `icon`, `target`, `sort`, `remark`, `moude_summary`, `operate_instruction`, `function_level`, `create_user`, `create_time`, `update_user`, `update_time`, `status`, `is_deleted`, `create_org`) VALUES ('86b572bf45612f4ed4b30121c544b39e', '接口限流', '限流', 'SENTINEL', '051f2e0b81bb4b80706a61e5b78ba507', 'http://sentinel.jpower.top', 1, 'iconfont iconicon_exchange', '_blank', 0, '', '', '', NULL, '1', '2021-03-04 00:49:42', '1', '2021-03-04 00:49:42', 1, 0, '6836de3b179d11eb8189fa163e5c4fd4');
INSERT INTO `tb_core_function`(`id`, `function_name`, `alias`, `code`, `parent_id`, `url`, `is_menu`, `icon`, `target`, `sort`, `remark`, `moude_summary`, `operate_instruction`, `function_level`, `create_user`, `create_time`, `update_user`, `update_time`, `status`, `is_deleted`, `create_org`) VALUES ('8f076e16e88cde6203776056ac668da1', '树形', '树形菜单', 'SYSTEM_FUNCTION_MENU', 'a4a5737cd34711ea97e4a34c90effc21', '/core/function/menuTree', 0, '', '_self', 0, '', '', '', NULL, '1', '2021-03-03 23:19:36', '1', '2021-03-03 23:40:02', 1, 0, '6836de3b179d11eb8189fa163e5c4fd4');
INSERT INTO `tb_core_function`(`id`, `function_name`, `alias`, `code`, `parent_id`, `url`, `is_menu`, `icon`, `target`, `sort`, `remark`, `moude_summary`, `operate_instruction`, `function_level`, `create_user`, `create_time`, `update_user`, `update_time`, `status`, `is_deleted`, `create_org`) VALUES ('93b43acc92953866e226aa0c8a2f89eb', '在线文档', '文档', '/kanyun', '9cf521fe6e03970fe8f503ca9c5052a2', 'https://www.kancloud.cn/guodingzhi/jpower/', 1, 'iconfont iconicon_study', '_blank', 0, '', '', '', NULL, '1', '2021-03-04 00:56:46', '1', '2021-03-04 00:58:23', 1, 0, '6836de3b179d11eb8189fa163e5c4fd4');
INSERT INTO `tb_core_function`(`id`, `function_name`, `alias`, `code`, `parent_id`, `url`, `is_menu`, `icon`, `target`, `sort`, `remark`, `moude_summary`, `operate_instruction`, `function_level`, `create_user`, `create_time`, `update_user`, `update_time`, `status`, `is_deleted`, `create_org`) VALUES ('9619725f9313cc52db57da1a6e250334', 'ELK监控', 'ELK', 'ELK', '30b4baffc04b62602bdb79a25f307462', 'http://elk.jpower.top', 1, 'iconfont icon-biaodan', '_blank', 0, '', '', '', NULL, '1', '2021-03-04 00:47:25', '1', '2021-03-04 00:50:17', 1, 0, '6836de3b179d11eb8189fa163e5c4fd4');
INSERT INTO `tb_core_function`(`id`, `function_name`, `alias`, `code`, `parent_id`, `url`, `is_menu`, `icon`, `target`, `sort`, `remark`, `moude_summary`, `operate_instruction`, `function_level`, `create_user`, `create_time`, `update_user`, `update_time`, `status`, `is_deleted`, `create_org`) VALUES ('9cf521fe6e03970fe8f503ca9c5052a2', '了解JPower', 'JPower', 'JPOWER', '-1', '/jpower', 1, 'iconfont iconicon_task', '_blank', 10, '', '', '', NULL, '1', '2021-03-04 00:33:04', '1', '2021-03-04 01:02:53', 1, 0, '6836de3b179d11eb8189fa163e5c4fd4');
INSERT INTO `tb_core_function`(`id`, `function_name`, `alias`, `code`, `parent_id`, `url`, `is_menu`, `icon`, `target`, `sort`, `remark`, `moude_summary`, `operate_instruction`, `function_level`, `create_user`, `create_time`, `update_user`, `update_time`, `status`, `is_deleted`, `create_org`) VALUES ('a499bc6cd34711ea97e4a34c90effc21', '系统管理', '系统', 'SYSTEM', '-1', '/system', 1, 'iconfont iconicon_setting', '_self', 3, '', '', '', 1, '1', '2021-03-03 22:33:41', '1', '2021-03-03 22:55:02', 1, 0, '6836de3b179d11eb8189fa163e5c4fd4');
INSERT INTO `tb_core_function`(`id`, `function_name`, `alias`, `code`, `parent_id`, `url`, `is_menu`, `icon`, `target`, `sort`, `remark`, `moude_summary`, `operate_instruction`, `function_level`, `create_user`, `create_time`, `update_user`, `update_time`, `status`, `is_deleted`, `create_org`) VALUES ('a49c90a4d34711ea97e4a34c90effc21', '客户端管理', '客户端列表', 'SYSTEM_CLIENT', 'a499bc6cd34711ea97e4a34c90effc21', '/core/client/list', 1, 'iconfont iconicon_airplay', '_self', 1, NULL, NULL, NULL, 2, '1', '2021-03-03 22:33:41', '1', '2021-03-03 22:33:41', 1, 0, '6836de3b179d11eb8189fa163e5c4fd4');
INSERT INTO `tb_core_function`(`id`, `function_name`, `alias`, `code`, `parent_id`, `url`, `is_menu`, `icon`, `target`, `sort`, `remark`, `moude_summary`, `operate_instruction`, `function_level`, `create_user`, `create_time`, `update_user`, `update_time`, `status`, `is_deleted`, `create_org`) VALUES ('a49e8d5ad34711ea97e4a34c90effc21', '部门管理', '部门列表', 'SYSTEM_ORG', '28a8f330d5b53fffb1284f1af20e7e07', '/core/org/listLazy', 1, 'iconfont iconicon_group', '_self', 2, NULL, NULL, NULL, 2, '1', '2021-03-03 22:33:41', '1', '2021-03-03 22:33:41', 1, 0, '6836de3b179d11eb8189fa163e5c4fd4');
INSERT INTO `tb_core_function`(`id`, `function_name`, `alias`, `code`, `parent_id`, `url`, `is_menu`, `icon`, `target`, `sort`, `remark`, `moude_summary`, `operate_instruction`, `function_level`, `create_user`, `create_time`, `update_user`, `update_time`, `status`, `is_deleted`, `create_org`) VALUES ('a49e8d5ad34711ea97e4a34c90effcdz', '数据权限', '数据权限', 'SYSTEM_DATASCOPE', '2d250d5a426f7c84faae2dfe21142284', '/core/dataScope/listPage', 1, 'iconfont icon-shujuzhanshi2', '_self', 2, '', '', '', 2, '1', '2021-03-03 22:33:41', '1', '2021-03-03 22:33:41', 1, 0, '6836de3b179d11eb8189fa163e5c4fd4');
INSERT INTO `tb_core_function`(`id`, `function_name`, `alias`, `code`, `parent_id`, `url`, `is_menu`, `icon`, `target`, `sort`, `remark`, `moude_summary`, `operate_instruction`, `function_level`, `create_user`, `create_time`, `update_user`, `update_time`, `status`, `is_deleted`, `create_org`) VALUES ('a49e8d5ad34711ea9er4a34c90effcdz', '新增', '新增数据权限', 'SYSTEM_DATASCOPE_ADD', 'a49e8d5ad34711ea97e4a34c90effcdz', '/core/dataScope/add', 0, NULL, '_self', 2, NULL, NULL, NULL, 3, '1', '2021-03-03 22:33:41', '1', '2021-03-03 23:04:22', 1, 0, '6836de3b179d11eb8189fa163e5c4fd4');
INSERT INTO `tb_core_function`(`id`, `function_name`, `alias`, `code`, `parent_id`, `url`, `is_menu`, `icon`, `target`, `sort`, `remark`, `moude_summary`, `operate_instruction`, `function_level`, `create_user`, `create_time`, `update_user`, `update_time`, `status`, `is_deleted`, `create_org`) VALUES ('a49e8d5ad34711ea9er4ff4c90effcdz', '删除', '删除数据权限', 'SYSTEM_DATASCOPE_DELETE', 'a49e8d5ad34711ea97e4a34c90effcdz', '/core/dataScope/delete', 0, NULL, '_self', 2, NULL, NULL, NULL, 3, '1', '2021-03-03 22:33:41', '1', '2021-03-03 23:06:07', 1, 0, '6836de3b179d11eb8189fa163e5c4fd4');
INSERT INTO `tb_core_function`(`id`, `function_name`, `alias`, `code`, `parent_id`, `url`, `is_menu`, `icon`, `target`, `sort`, `remark`, `moude_summary`, `operate_instruction`, `function_level`, `create_user`, `create_time`, `update_user`, `update_time`, `status`, `is_deleted`, `create_org`) VALUES ('a49e8d5ad34711x4rcr4ff4c90effcdz', '列表', '分页列表', 'SYSTEM_DATASCOPE_LISTPAGE', 'a49e8d5ad34711ea97e4a34c90effcdz', '/core/dataScope/listPage', 0, NULL, '_self', 2, NULL, NULL, NULL, 3, '1', '2021-03-03 22:33:41', '1', '2021-03-03 23:06:25', 1, 0, '6836de3b179d11eb8189fa163e5c4fd4');
INSERT INTO `tb_core_function`(`id`, `function_name`, `alias`, `code`, `parent_id`, `url`, `is_menu`, `icon`, `target`, `sort`, `remark`, `moude_summary`, `operate_instruction`, `function_level`, `create_user`, `create_time`, `update_user`, `update_time`, `status`, `is_deleted`, `create_org`) VALUES ('a49e8d5ad34711x4rcr4ff4cvxeffcdz', '数据赋权', '角色数据权限赋权', 'SYSTEM_DATASCOPE_ROLE', 'a4a32590d34711ea97e4a34c90effc21', '/core/dataScope/roleDataScope', 0, '', '_self', 2, NULL, NULL, NULL, 3, '1', '2021-03-03 22:33:41', '1', '2021-03-03 23:24:17', 1, 0, '6836de3b179d11eb8189fa163e5c4fd4');
INSERT INTO `tb_core_function`(`id`, `function_name`, `alias`, `code`, `parent_id`, `url`, `is_menu`, `icon`, `target`, `sort`, `remark`, `moude_summary`, `operate_instruction`, `function_level`, `create_user`, `create_time`, `update_user`, `update_time`, `status`, `is_deleted`, `create_org`) VALUES ('a49e8d5ad34711x4rcr4ff4cvxefrtdz', '修改', '修改', 'SYSTEM_DATASCOPE_UPDATE', 'a49e8d5ad34711ea97e4a34c90effcdz', '/core/dataScope/update', 0, NULL, '_self', 2, NULL, NULL, NULL, 3, '1', '2021-03-03 22:33:41', '1', '2021-03-03 22:33:41', 1, 0, '6836de3b179d11eb8189fa163e5c4fd4');
INSERT INTO `tb_core_function`(`id`, `function_name`, `alias`, `code`, `parent_id`, `url`, `is_menu`, `icon`, `target`, `sort`, `remark`, `moude_summary`, `operate_instruction`, `function_level`, `create_user`, `create_time`, `update_user`, `update_time`, `status`, `is_deleted`, `create_org`) VALUES ('a49e8d5ad34711x4rcr4ff4cx1effcdz', '详情', '数据权限详情', 'SYSTEM_DATASCOPE_DETAIL', 'a49e8d5ad34711ea97e4a34c90effcdz', '/core/dataScope/queryById', 0, NULL, '_self', 2, NULL, NULL, NULL, 3, '1', '2021-03-03 22:33:41', '1', '2021-03-03 23:07:47', 1, 0, '6836de3b179d11eb8189fa163e5c4fd4');
INSERT INTO `tb_core_function`(`id`, `function_name`, `alias`, `code`, `parent_id`, `url`, `is_menu`, `icon`, `target`, `sort`, `remark`, `moude_summary`, `operate_instruction`, `function_level`, `create_user`, `create_time`, `update_user`, `update_time`, `status`, `is_deleted`, `create_org`) VALUES ('a49e8d5ad34711xx9er4ff4c90effcdz', '数据权限', '数据权限列表', 'SYSTEM_DATASCOPE_LIST', 'a4a32590d34711ea97e4a34c90effc21', '/core/dataScope/listByMenuId', 0, NULL, '_self', 2, NULL, NULL, NULL, 3, '1', '2021-03-03 22:33:41', '1', '2021-03-03 23:23:56', 1, 0, '6836de3b179d11eb8189fa163e5c4fd4');
INSERT INTO `tb_core_function`(`id`, `function_name`, `alias`, `code`, `parent_id`, `url`, `is_menu`, `icon`, `target`, `sort`, `remark`, `moude_summary`, `operate_instruction`, `function_level`, `create_user`, `create_time`, `update_user`, `update_time`, `status`, `is_deleted`, `create_org`) VALUES ('a49e8d5ad34711xxvcr4ff4c90effcdz', '数据权限ID', 'ID列表', 'SYSTEM_DATASCOPE_LISTID', 'a4a32590d34711ea97e4a34c90effc21', '/core/dataScope/listIdByRoleId', 0, NULL, '_self', 2, NULL, NULL, NULL, 3, '1', '2021-03-03 22:33:41', '1', '2021-03-03 23:24:54', 1, 0, '6836de3b179d11eb8189fa163e5c4fd4');
INSERT INTO `tb_core_function`(`id`, `function_name`, `alias`, `code`, `parent_id`, `url`, `is_menu`, `icon`, `target`, `sort`, `remark`, `moude_summary`, `operate_instruction`, `function_level`, `create_user`, `create_time`, `update_user`, `update_time`, `status`, `is_deleted`, `create_org`) VALUES ('a4a0a4aad34711cv97dxa34c90effc21', '文件上传', '上传', 'SYSTEM_FILE_ADD', '-1', '/core/file/upload', 0, '', '_self', 106, NULL, NULL, NULL, 3, '1', '2021-03-03 22:33:41', '1', '2021-03-03 23:45:19', 1, 0, '6836de3b179d11eb8189fa163e5c4fd4');
INSERT INTO `tb_core_function`(`id`, `function_name`, `alias`, `code`, `parent_id`, `url`, `is_menu`, `icon`, `target`, `sort`, `remark`, `moude_summary`, `operate_instruction`, `function_level`, `create_user`, `create_time`, `update_user`, `update_time`, `status`, `is_deleted`, `create_org`) VALUES ('a4a0a4aad34711ea97dxa34c90effc21', '文件管理', '文件列表', 'SYSTEM_FILE', 'a499bc6cd34711ea97e4a34c90effc21', '/core/file/listPage', 1, 'iconfont iconicon_doc', '_self', 3, '', '', '', 2, '1', '2021-03-03 22:33:41', '1', '2021-03-03 22:33:41', 1, 0, '6836de3b179d11eb8189fa163e5c4fd4');
INSERT INTO `tb_core_function`(`id`, `function_name`, `alias`, `code`, `parent_id`, `url`, `is_menu`, `icon`, `target`, `sort`, `remark`, `moude_summary`, `operate_instruction`, `function_level`, `create_user`, `create_time`, `update_user`, `update_time`, `status`, `is_deleted`, `create_org`) VALUES ('a4a0a4aad34711ea97e4a34c90effc21', '用户管理', '用户列表', 'SYSTEM_USER', '28a8f330d5b53fffb1284f1af20e7e07', '/core/user/list', 1, 'iconfont icon-yonghu', '_self', 3, NULL, NULL, NULL, 2, '1', '2021-03-03 22:33:41', '1', '2021-03-03 22:33:41', 1, 0, '6836de3b179d11eb8189fa163e5c4fd4');
INSERT INTO `tb_core_function`(`id`, `function_name`, `alias`, `code`, `parent_id`, `url`, `is_menu`, `icon`, `target`, `sort`, `remark`, `moude_summary`, `operate_instruction`, `function_level`, `create_user`, `create_time`, `update_user`, `update_time`, `status`, `is_deleted`, `create_org`) VALUES ('a4a32590d34711ea97e4a34c90effc21', '角色管理', '角色列表', 'SYSTEM_ROLE', '2d250d5a426f7c84faae2dfe21142284', '/core/role/listTree', 1, 'iconfont iconicon_ding', '_self', 4, NULL, NULL, NULL, 2, '1', '2021-03-03 22:33:41', '1', '2021-03-03 22:33:41', 1, 0, '6836de3b179d11eb8189fa163e5c4fd4');
INSERT INTO `tb_core_function`(`id`, `function_name`, `alias`, `code`, `parent_id`, `url`, `is_menu`, `icon`, `target`, `sort`, `remark`, `moude_summary`, `operate_instruction`, `function_level`, `create_user`, `create_time`, `update_user`, `update_time`, `status`, `is_deleted`, `create_org`) VALUES ('a4a5737cd34711ea97e4a34c90effc21', '功能管理', '功能列表', 'SYSTEM_FUNCTION', 'a499bc6cd34711ea97e4a34c90effc21', '/core/function/listByParent', 1, 'iconfont icon-caidan', '_self', 5, NULL, NULL, NULL, 2, '1', '2021-03-03 22:33:41', '1', '2021-03-03 22:33:41', 1, 0, '6836de3b179d11eb8189fa163e5c4fd4');
INSERT INTO `tb_core_function`(`id`, `function_name`, `alias`, `code`, `parent_id`, `url`, `is_menu`, `icon`, `target`, `sort`, `remark`, `moude_summary`, `operate_instruction`, `function_level`, `create_user`, `create_time`, `update_user`, `update_time`, `status`, `is_deleted`, `create_org`) VALUES ('a4a87d1ad34711ea97e4a34c90effc21', '参数管理', '参数列表', 'SYSTEM_PARAMS', 'a499bc6cd34711ea97e4a34c90effc21', '/core/param/list', 1, 'iconfont icon-biaodan', '_self', 6, NULL, NULL, NULL, 2, '1', '2021-03-03 22:33:41', '1', '2021-03-03 22:33:41', 1, 0, '6836de3b179d11eb8189fa163e5c4fd4');
INSERT INTO `tb_core_function`(`id`, `function_name`, `alias`, `code`, `parent_id`, `url`, `is_menu`, `icon`, `target`, `sort`, `remark`, `moude_summary`, `operate_instruction`, `function_level`, `create_user`, `create_time`, `update_user`, `update_time`, `status`, `is_deleted`, `create_org`) VALUES ('a4aa9780d34711ea97e4a34c90effc21', '行政区划', '行政区列表', 'SYSTEM_CITY', 'a499bc6cd34711ea97e4a34c90effc21', '/core/city/lazyTree', 1, 'iconfont iconicon_GPS', '_self', 7, NULL, NULL, NULL, 2, '1', '2021-03-03 22:33:41', '1', '2021-03-03 22:34:56', 1, 0, '6836de3b179d11eb8189fa163e5c4fd4');
INSERT INTO `tb_core_function`(`id`, `function_name`, `alias`, `code`, `parent_id`, `url`, `is_menu`, `icon`, `target`, `sort`, `remark`, `moude_summary`, `operate_instruction`, `function_level`, `create_user`, `create_time`, `update_user`, `update_time`, `status`, `is_deleted`, `create_org`) VALUES ('a4acf71ed34711ea97e4a34c90effc21', '字典管理', '字典列表', 'SYSTEM_DICT', 'a499bc6cd34711ea97e4a34c90effc21', '/core/dict/listByType', 1, 'iconfont iconicon_study', '_self', 8, NULL, NULL, NULL, 2, '1', '2021-03-03 22:33:41', '1', '2021-03-03 22:33:41', 1, 0, '6836de3b179d11eb8189fa163e5c4fd4');
INSERT INTO `tb_core_function`(`id`, `function_name`, `alias`, `code`, `parent_id`, `url`, `is_menu`, `icon`, `target`, `sort`, `remark`, `moude_summary`, `operate_instruction`, `function_level`, `create_user`, `create_time`, `update_user`, `update_time`, `status`, `is_deleted`, `create_org`) VALUES ('a4af115cd34711ea97e4a34c90effc21', '删除', '删除客户端', 'SYSTEM_CLIENT_DELETE', 'a49c90a4d34711ea97e4a34c90effc21', '/core/client/delete', 0, NULL, '_self', 1, NULL, NULL, NULL, 3, '1', '2021-03-03 22:33:41', '1', '2021-03-03 23:29:50', 1, 0, '6836de3b179d11eb8189fa163e5c4fd4');
INSERT INTO `tb_core_function`(`id`, `function_name`, `alias`, `code`, `parent_id`, `url`, `is_menu`, `icon`, `target`, `sort`, `remark`, `moude_summary`, `operate_instruction`, `function_level`, `create_user`, `create_time`, `update_user`, `update_time`, `status`, `is_deleted`, `create_org`) VALUES ('a4b1cf64d34711ea97e4a34c90effc21', '更新', '新增或修改客户端', 'SYSTEM_CLIENT_SAVE', 'a49c90a4d34711ea97e4a34c90effc21', '/core/client/save', 0, NULL, '_self', 2, NULL, NULL, NULL, 3, '1', '2021-03-03 22:33:41', '1', '2021-03-03 22:33:41', 1, 0, '6836de3b179d11eb8189fa163e5c4fd4');
INSERT INTO `tb_core_function`(`id`, `function_name`, `alias`, `code`, `parent_id`, `url`, `is_menu`, `icon`, `target`, `sort`, `remark`, `moude_summary`, `operate_instruction`, `function_level`, `create_user`, `create_time`, `update_user`, `update_time`, `status`, `is_deleted`, `create_org`) VALUES ('a4b3f1d6d34711ea97e4a34c90effc21', '新增', '新增部门', 'SYSTEM_ORG_ADD', 'a49e8d5ad34711ea97e4a34c90effc21', '/core/org/add', 0, NULL, '_self', 1, NULL, NULL, NULL, 3, '1', '2021-03-03 22:33:41', '1', '2021-03-03 22:33:41', 1, 0, '6836de3b179d11eb8189fa163e5c4fd4');
INSERT INTO `tb_core_function`(`id`, `function_name`, `alias`, `code`, `parent_id`, `url`, `is_menu`, `icon`, `target`, `sort`, `remark`, `moude_summary`, `operate_instruction`, `function_level`, `create_user`, `create_time`, `update_user`, `update_time`, `status`, `is_deleted`, `create_org`) VALUES ('a4b63da6d34711ea97e4a34c90effc21', '编辑', '修改部门', 'SYSTEM_ORG_UPDATE', 'a49e8d5ad34711ea97e4a34c90effc21', '/core/org/update', 0, NULL, '_self', 2, NULL, NULL, NULL, 3, '1', '2021-03-03 22:33:41', '1', '2021-03-03 22:33:41', 1, 0, '6836de3b179d11eb8189fa163e5c4fd4');
INSERT INTO `tb_core_function`(`id`, `function_name`, `alias`, `code`, `parent_id`, `url`, `is_menu`, `icon`, `target`, `sort`, `remark`, `moude_summary`, `operate_instruction`, `function_level`, `create_user`, `create_time`, `update_user`, `update_time`, `status`, `is_deleted`, `create_org`) VALUES ('a4b841f0d34711ea97e4a34c90effc21', '删除', '删除部门', 'SYSTEM_ORG_DELETE', 'a49e8d5ad34711ea97e4a34c90effc21', '/core/org/deleteStatus', 0, NULL, '_self', 3, NULL, NULL, NULL, 3, '1', '2021-03-03 22:33:41', '1', '2021-03-03 22:33:41', 1, 0, '6836de3b179d11eb8189fa163e5c4fd4');
INSERT INTO `tb_core_function`(`id`, `function_name`, `alias`, `code`, `parent_id`, `url`, `is_menu`, `icon`, `target`, `sort`, `remark`, `moude_summary`, `operate_instruction`, `function_level`, `create_user`, `create_time`, `update_user`, `update_time`, `status`, `is_deleted`, `create_org`) VALUES ('a4be9b9ad34711ea97e4214c90effc21', '树形列表', '懒加载部门树形列表', 'SYSTEM_ORG_TREELIST', 'a49e8d5ad34711ea97e4a34c90effc21', '/core/org/listLazy', 0, '', '_self', 4, NULL, NULL, NULL, 3, '1', '2021-03-03 22:33:41', '1', '2021-03-03 22:35:11', 1, 0, '6836de3b179d11eb8189fa163e5c4fd4');
INSERT INTO `tb_core_function`(`id`, `function_name`, `alias`, `code`, `parent_id`, `url`, `is_menu`, `icon`, `target`, `sort`, `remark`, `moude_summary`, `operate_instruction`, `function_level`, `create_user`, `create_time`, `update_user`, `update_time`, `status`, `is_deleted`, `create_org`) VALUES ('a4be9b9ad34711ea97e4a34c90effc21', '树形部门', '加载部门树形菜单', 'SYSTEM_ORG_TREE', 'a49e8d5ad34711ea97e4a34c90effc21', '/core/org/tree', 0, NULL, '_self', 4, NULL, NULL, NULL, 3, '1', '2021-03-03 22:33:41', '1', '2021-03-03 22:33:41', 1, 0, '6836de3b179d11eb8189fa163e5c4fd4');
INSERT INTO `tb_core_function`(`id`, `function_name`, `alias`, `code`, `parent_id`, `url`, `is_menu`, `icon`, `target`, `sort`, `remark`, `moude_summary`, `operate_instruction`, `function_level`, `create_user`, `create_time`, `update_user`, `update_time`, `status`, `is_deleted`, `create_org`) VALUES ('a4c0e738d34711ea97e4a34c90effc21', '详情', '用户详情', 'SYSTEM_USER_DETAIL', 'a4a0a4aad34711ea97e4a34c90effc21', '/core/user/get', 0, NULL, '_self', 1, NULL, NULL, NULL, 3, '1', '2021-03-03 22:33:41', '1', '2021-03-03 22:33:41', 1, 0, '6836de3b179d11eb8189fa163e5c4fd4');
INSERT INTO `tb_core_function`(`id`, `function_name`, `alias`, `code`, `parent_id`, `url`, `is_menu`, `icon`, `target`, `sort`, `remark`, `moude_summary`, `operate_instruction`, `function_level`, `create_user`, `create_time`, `update_user`, `update_time`, `status`, `is_deleted`, `create_org`) VALUES ('a4c2f546d34711ea97e4a34c90effc21', '新增', '新增用户', 'SYSTEM_USER_ADD', 'a4a0a4aad34711ea97e4a34c90effc21', '/core/user/add', 0, NULL, '_self', 2, NULL, NULL, NULL, 3, '1', '2021-03-03 22:33:41', '1', '2021-03-03 22:33:41', 1, 0, '6836de3b179d11eb8189fa163e5c4fd4');
INSERT INTO `tb_core_function`(`id`, `function_name`, `alias`, `code`, `parent_id`, `url`, `is_menu`, `icon`, `target`, `sort`, `remark`, `moude_summary`, `operate_instruction`, `function_level`, `create_user`, `create_time`, `update_user`, `update_time`, `status`, `is_deleted`, `create_org`) VALUES ('a4c55fa2d34711ea97e4a34c90effc21', '修改', '修改用户', 'SYSTEM_USER_UPDATE', 'a4a0a4aad34711ea97e4a34c90effc21', '/core/user/update', 0, NULL, '_self', 2, NULL, NULL, NULL, 3, '1', '2021-03-03 22:33:41', '1', '2021-03-03 22:33:41', 1, 0, '6836de3b179d11eb8189fa163e5c4fd4');
INSERT INTO `tb_core_function`(`id`, `function_name`, `alias`, `code`, `parent_id`, `url`, `is_menu`, `icon`, `target`, `sort`, `remark`, `moude_summary`, `operate_instruction`, `function_level`, `create_user`, `create_time`, `update_user`, `update_time`, `status`, `is_deleted`, `create_org`) VALUES ('a4c77256d34711ea97e4a34c90effc21', '删除', '删除用户', 'SYSTEM_USER_DELETE', 'a4a0a4aad34711ea97e4a34c90effc21', '/core/user/delete', 0, NULL, '_self', 2, NULL, NULL, NULL, 3, '1', '2021-03-03 22:33:41', '1', '2021-03-03 22:33:41', 1, 0, '6836de3b179d11eb8189fa163e5c4fd4');
INSERT INTO `tb_core_function`(`id`, `function_name`, `alias`, `code`, `parent_id`, `url`, `is_menu`, `icon`, `target`, `sort`, `remark`, `moude_summary`, `operate_instruction`, `function_level`, `create_user`, `create_time`, `update_user`, `update_time`, `status`, `is_deleted`, `create_org`) VALUES ('a4c9c2c2d34711ea97e4a34c90effc21', '重置密码', '重制用户密码', 'SYSTEM_USER_RESETPASSWORD', 'a4a0a4aad34711ea97e4a34c90effc21', '/core/user/resetPassword', 0, NULL, '_self', 2, NULL, NULL, NULL, 3, '1', '2021-03-03 22:33:41', '1', '2021-03-03 22:43:52', 1, 0, '6836de3b179d11eb8189fa163e5c4fd4');
INSERT INTO `tb_core_function`(`id`, `function_name`, `alias`, `code`, `parent_id`, `url`, `is_menu`, `icon`, `target`, `sort`, `remark`, `moude_summary`, `operate_instruction`, `function_level`, `create_user`, `create_time`, `update_user`, `update_time`, `status`, `is_deleted`, `create_org`) VALUES ('a4cbd33cd34711ea97e4a34c90effc21', '导入用户', '批量导入用户', 'SYSTEM_USER_IMPORTUSER', 'a4a0a4aad34711ea97e4a34c90effc21', '/core/user/importUser', 0, NULL, '_self', 2, NULL, NULL, NULL, 3, '1', '2021-03-03 22:33:41', '1', '2021-03-03 22:33:41', 1, 0, '6836de3b179d11eb8189fa163e5c4fd4');
INSERT INTO `tb_core_function`(`id`, `function_name`, `alias`, `code`, `parent_id`, `url`, `is_menu`, `icon`, `target`, `sort`, `remark`, `moude_summary`, `operate_instruction`, `function_level`, `create_user`, `create_time`, `update_user`, `update_time`, `status`, `is_deleted`, `create_org`) VALUES ('a4cde53cd34711ea97e4a34c90effc21', '导出用户', '批量导出用户', 'SYSTEM_USER_EXPORTUSER', 'a4a0a4aad34711ea97e4a34c90effc21', '/core/user/exportUser', 0, NULL, '_blank', 2, NULL, NULL, NULL, 3, '1', '2021-03-03 22:33:41', '1', '2021-03-03 22:56:43', 1, 0, '6836de3b179d11eb8189fa163e5c4fd4');
INSERT INTO `tb_core_function`(`id`, `function_name`, `alias`, `code`, `parent_id`, `url`, `is_menu`, `icon`, `target`, `sort`, `remark`, `moude_summary`, `operate_instruction`, `function_level`, `create_user`, `create_time`, `update_user`, `update_time`, `status`, `is_deleted`, `create_org`) VALUES ('a4d00588d34711ea97e4a34c90effc21', '设置角色', '重新设置用户角色', 'SYSTEM_USER_UPDATEROLE', 'a4a0a4aad34711ea97e4a34c90effc21', '/core/user/addRole', 0, NULL, '_self', 2, NULL, NULL, NULL, 3, '1', '2021-03-03 22:33:41', '1', '2021-03-03 22:33:41', 1, 0, '6836de3b179d11eb8189fa163e5c4fd4');
INSERT INTO `tb_core_function`(`id`, `function_name`, `alias`, `code`, `parent_id`, `url`, `is_menu`, `icon`, `target`, `sort`, `remark`, `moude_summary`, `operate_instruction`, `function_level`, `create_user`, `create_time`, `update_user`, `update_time`, `status`, `is_deleted`, `create_org`) VALUES ('a4d52572d34711ea97e4a34c90effc21', '新增', '新增角色', 'SYSTEM_ROLE_ADD', 'a4a32590d34711ea97e4a34c90effc21', '/core/role/add', 0, NULL, '_self', 1, NULL, NULL, NULL, 3, '1', '2021-03-03 22:33:41', '1', '2021-03-03 22:33:41', 1, 0, '6836de3b179d11eb8189fa163e5c4fd4');
INSERT INTO `tb_core_function`(`id`, `function_name`, `alias`, `code`, `parent_id`, `url`, `is_menu`, `icon`, `target`, `sort`, `remark`, `moude_summary`, `operate_instruction`, `function_level`, `create_user`, `create_time`, `update_user`, `update_time`, `status`, `is_deleted`, `create_org`) VALUES ('a4d6c12ad34711ea97e4a34c90effc21', '删除', '删除角色', 'SYSTEM_ROLE_DELETE', 'a4a32590d34711ea97e4a34c90effc21', '/core/role/deleteStatus', 0, NULL, '_self', 1, NULL, NULL, NULL, 3, '1', '2021-03-03 22:33:41', '1', '2021-03-03 22:33:41', 1, 0, '6836de3b179d11eb8189fa163e5c4fd4');
INSERT INTO `tb_core_function`(`id`, `function_name`, `alias`, `code`, `parent_id`, `url`, `is_menu`, `icon`, `target`, `sort`, `remark`, `moude_summary`, `operate_instruction`, `function_level`, `create_user`, `create_time`, `update_user`, `update_time`, `status`, `is_deleted`, `create_org`) VALUES ('a4da22e8d34711ea97e4a34c90effc21', '修改', '修改角色', 'SYSTEM_ROLE_UPDATE', 'a4a32590d34711ea97e4a34c90effc21', '/core/role/update', 0, NULL, '_self', 1, NULL, NULL, NULL, 3, '1', '2021-03-03 22:33:41', '1', '2021-03-03 22:33:41', 1, 0, '6836de3b179d11eb8189fa163e5c4fd4');
INSERT INTO `tb_core_function`(`id`, `function_name`, `alias`, `code`, `parent_id`, `url`, `is_menu`, `icon`, `target`, `sort`, `remark`, `moude_summary`, `operate_instruction`, `function_level`, `create_user`, `create_time`, `update_user`, `update_time`, `status`, `is_deleted`, `create_org`) VALUES ('a4df8e40d34711ea97e4a34c90effc21', '设置权限', '重新给角色赋权', 'SYSTEM_ROLE_UPDATEFUNCTION', 'a4a32590d34711ea97e4a34c90effc21', '/core/role/addFunction', 0, NULL, '_self', 1, NULL, NULL, NULL, 3, '1', '2021-03-03 22:33:41', '1', '2021-03-03 23:11:16', 1, 0, '6836de3b179d11eb8189fa163e5c4fd4');
INSERT INTO `tb_core_function`(`id`, `function_name`, `alias`, `code`, `parent_id`, `url`, `is_menu`, `icon`, `target`, `sort`, `remark`, `moude_summary`, `operate_instruction`, `function_level`, `create_user`, `create_time`, `update_user`, `update_time`, `status`, `is_deleted`, `create_org`) VALUES ('a4df8e40d34711ea97e4afgc90effc21', '角色权限', '查询角色权限', 'SYSTEM_ROLE_SELECT_URL', 'a4a32590d34711ea97e4a34c90effc21', '/core/function/queryUrlIdByRole', 0, NULL, '_self', 1, NULL, NULL, NULL, 3, '1', '2021-03-03 22:33:41', '1', '2021-03-03 23:22:54', 1, 0, '6836de3b179d11eb8189fa163e5c4fd4');
INSERT INTO `tb_core_function`(`id`, `function_name`, `alias`, `code`, `parent_id`, `url`, `is_menu`, `icon`, `target`, `sort`, `remark`, `moude_summary`, `operate_instruction`, `function_level`, `create_user`, `create_time`, `update_user`, `update_time`, `status`, `is_deleted`, `create_org`) VALUES ('a4e7808cd34711ea97e4a34c90effc21', '删除', '删除功能', 'SYSTEM_FUNCTION_DELETE', 'a4a5737cd34711ea97e4a34c90effc21', '/core/function/delete', 0, NULL, '_self', 1, NULL, NULL, NULL, 3, '1', '2021-03-03 22:33:41', '1', '2021-03-03 22:33:41', 1, 0, '6836de3b179d11eb8189fa163e5c4fd4');
INSERT INTO `tb_core_function`(`id`, `function_name`, `alias`, `code`, `parent_id`, `url`, `is_menu`, `icon`, `target`, `sort`, `remark`, `moude_summary`, `operate_instruction`, `function_level`, `create_user`, `create_time`, `update_user`, `update_time`, `status`, `is_deleted`, `create_org`) VALUES ('a4ea8566d34711ea97e4a34c90effc21', '新增', '新增功能', 'SYSTEM_FUNCTION_ADD', 'a4a5737cd34711ea97e4a34c90effc21', '/core/function/add', 0, NULL, '_self', 1, NULL, NULL, NULL, 3, '1', '2021-03-03 22:33:41', '1', '2021-03-03 22:33:41', 1, 0, '6836de3b179d11eb8189fa163e5c4fd4');
INSERT INTO `tb_core_function`(`id`, `function_name`, `alias`, `code`, `parent_id`, `url`, `is_menu`, `icon`, `target`, `sort`, `remark`, `moude_summary`, `operate_instruction`, `function_level`, `create_user`, `create_time`, `update_user`, `update_time`, `status`, `is_deleted`, `create_org`) VALUES ('a4ec71bed34711ea97e4a34c90effc21', '修改', '修改功能', 'SYSTEM_FUNCTION_UPDATE', 'a4a5737cd34711ea97e4a34c90effc21', '/core/function/update', 0, NULL, '_self', 1, NULL, NULL, NULL, 3, '1', '2021-03-03 22:33:41', '1', '2021-03-03 22:33:41', 1, 0, '6836de3b179d11eb8189fa163e5c4fd4');
INSERT INTO `tb_core_function`(`id`, `function_name`, `alias`, `code`, `parent_id`, `url`, `is_menu`, `icon`, `target`, `sort`, `remark`, `moude_summary`, `operate_instruction`, `function_level`, `create_user`, `create_time`, `update_user`, `update_time`, `status`, `is_deleted`, `create_org`) VALUES ('a4ee0e20d34711ea97e4a34c90effc21', '删除', '删除参数', 'SYSTEM_PARAMS_DELETE', 'a4a87d1ad34711ea97e4a34c90effc21', '/core/param/delete', 0, NULL, '_self', 1, NULL, NULL, NULL, 3, '1', '2021-03-03 22:33:41', '1', '2021-03-03 22:33:41', 1, 0, '6836de3b179d11eb8189fa163e5c4fd4');
INSERT INTO `tb_core_function`(`id`, `function_name`, `alias`, `code`, `parent_id`, `url`, `is_menu`, `icon`, `target`, `sort`, `remark`, `moude_summary`, `operate_instruction`, `function_level`, `create_user`, `create_time`, `update_user`, `update_time`, `status`, `is_deleted`, `create_org`) VALUES ('a4efe8a8d34711ea97e4a34c90effc21', '新增', '新增参数', 'SYSTEM_PARAMS_ADD', 'a4a87d1ad34711ea97e4a34c90effc21', '/core/param/add', 0, NULL, '_self', 1, NULL, NULL, NULL, 3, '1', '2021-03-03 22:33:41', '1', '2021-03-03 22:33:41', 1, 0, '6836de3b179d11eb8189fa163e5c4fd4');
INSERT INTO `tb_core_function`(`id`, `function_name`, `alias`, `code`, `parent_id`, `url`, `is_menu`, `icon`, `target`, `sort`, `remark`, `moude_summary`, `operate_instruction`, `function_level`, `create_user`, `create_time`, `update_user`, `update_time`, `status`, `is_deleted`, `create_org`) VALUES ('a4f1819ad34711ea97e4a34c90effc21', '修改', '修改参数', 'SYSTEM_PARAMS_UPDATE', 'a4a87d1ad34711ea97e4a34c90effc21', '/core/param/update', 0, NULL, '_self', 1, NULL, NULL, NULL, 3, '1', '2021-03-03 22:33:41', '1', '2021-03-03 22:33:41', 1, 0, '6836de3b179d11eb8189fa163e5c4fd4');
INSERT INTO `tb_core_function`(`id`, `function_name`, `alias`, `code`, `parent_id`, `url`, `is_menu`, `icon`, `target`, `sort`, `remark`, `moude_summary`, `operate_instruction`, `function_level`, `create_user`, `create_time`, `update_user`, `update_time`, `status`, `is_deleted`, `create_org`) VALUES ('a4f1819ad347145a97e4a34c90effc21', '详情', '查询详情', 'SYSTEM_PARAMS_DETAIL', 'a4a87d1ad34711ea97e4a34c90effc21', '/core/param/queryById', 0, NULL, '_self', 1, NULL, NULL, NULL, 3, '1', '2021-03-03 22:33:41', '1', '2021-03-03 23:45:41', 1, 0, '6836de3b179d11eb8189fa163e5c4fd4');
INSERT INTO `tb_core_function`(`id`, `function_name`, `alias`, `code`, `parent_id`, `url`, `is_menu`, `icon`, `target`, `sort`, `remark`, `moude_summary`, `operate_instruction`, `function_level`, `create_user`, `create_time`, `update_user`, `update_time`, `status`, `is_deleted`, `create_org`) VALUES ('a4f353b2d34711ea97e4a34c90effc21', '立即生效', '立即生效参数', 'SYSTEM_PARAMS_TAKEEFFECT', 'a4a87d1ad34711ea97e4a34c90effc21', '/core/param/takeEffect', 0, NULL, '_self', 1, NULL, NULL, NULL, 3, '1', '2021-03-03 22:33:41', '1', '2021-03-03 22:33:41', 1, 0, '6836de3b179d11eb8189fa163e5c4fd4');
INSERT INTO `tb_core_function`(`id`, `function_name`, `alias`, `code`, `parent_id`, `url`, `is_menu`, `icon`, `target`, `sort`, `remark`, `moude_summary`, `operate_instruction`, `function_level`, `create_user`, `create_time`, `update_user`, `update_time`, `status`, `is_deleted`, `create_org`) VALUES ('a4f5525cd34711ea97e4a34c90effc21', '全部生效', '生效全部参数', 'SYSTEM_PARAMS_EFFECTALL', 'a4a87d1ad34711ea97e4a34c90effc21', '/core/param/effectAll', 0, NULL, '_self', 1, NULL, NULL, NULL, 3, '1', '2021-03-03 22:33:41', '1', '2021-03-03 22:33:41', 1, 0, '6836de3b179d11eb8189fa163e5c4fd4');
INSERT INTO `tb_core_function`(`id`, `function_name`, `alias`, `code`, `parent_id`, `url`, `is_menu`, `icon`, `target`, `sort`, `remark`, `moude_summary`, `operate_instruction`, `function_level`, `create_user`, `create_time`, `update_user`, `update_time`, `status`, `is_deleted`, `create_org`) VALUES ('a4f6d7eed34711ea97e4a34c90effc21', '保存', '新增行政区', 'SYSTEM_CITY_SAVE', 'a4aa9780d34711ea97e4a34c90effc21', '/core/city/save', 0, NULL, '_self', 1, NULL, NULL, NULL, 3, '1', '2021-03-03 22:33:41', '1', '2021-03-03 22:33:41', 1, 0, '6836de3b179d11eb8189fa163e5c4fd4');
INSERT INTO `tb_core_function`(`id`, `function_name`, `alias`, `code`, `parent_id`, `url`, `is_menu`, `icon`, `target`, `sort`, `remark`, `moude_summary`, `operate_instruction`, `function_level`, `create_user`, `create_time`, `update_user`, `update_time`, `status`, `is_deleted`, `create_org`) VALUES ('a4f8b9ced34711ea97e4a34c90effc21', '删除', '删除行政区', 'SYSTEM_CITY_DELETE', 'a4aa9780d34711ea97e4a34c90effc21', '/core/city/delete', 0, NULL, '_self', 1, NULL, NULL, NULL, 3, '1', '2021-03-03 22:33:41', '1', '2021-03-03 22:33:41', 1, 0, '6836de3b179d11eb8189fa163e5c4fd4');
INSERT INTO `tb_core_function`(`id`, `function_name`, `alias`, `code`, `parent_id`, `url`, `is_menu`, `icon`, `target`, `sort`, `remark`, `moude_summary`, `operate_instruction`, `function_level`, `create_user`, `create_time`, `update_user`, `update_time`, `status`, `is_deleted`, `create_org`) VALUES ('a4fbb192d34711ea97e4a34c90effc21', '修改字典类型', '修改字典类型', 'SYSTEM_DICT_TYPE_UPDATE', 'a4acf71ed34711ea97e4a34c90effc21', '/core/dict/update', 0, NULL, '_self', 1, NULL, NULL, NULL, 3, '1', '2021-03-03 22:33:41', '1', '2021-03-03 22:33:41', 1, 0, '6836de3b179d11eb8189fa163e5c4fd4');
INSERT INTO `tb_core_function`(`id`, `function_name`, `alias`, `code`, `parent_id`, `url`, `is_menu`, `icon`, `target`, `sort`, `remark`, `moude_summary`, `operate_instruction`, `function_level`, `create_user`, `create_time`, `update_user`, `update_time`, `status`, `is_deleted`, `create_org`) VALUES ('a5003528d34711ea97e4a34c90effc21', '删除字典类型', '删除字典类型', 'SYSTEM_DICT_TYPE_DELETE', 'a4acf71ed34711ea97e4a34c90effc21', '/core/dict/deleteDictType', 0, NULL, '_self', 2, NULL, NULL, NULL, 3, '1', '2021-03-03 22:33:41', '1', '2021-03-03 23:50:57', 1, 0, '6836de3b179d11eb8189fa163e5c4fd4');
INSERT INTO `tb_core_function`(`id`, `function_name`, `alias`, `code`, `parent_id`, `url`, `is_menu`, `icon`, `target`, `sort`, `remark`, `moude_summary`, `operate_instruction`, `function_level`, `create_user`, `create_time`, `update_user`, `update_time`, `status`, `is_deleted`, `create_org`) VALUES ('a502303ad34711ea97e4a34c90effc21', '字典类型详情', '查询字典类型详情', 'SYSTEM_DICT_TYPE_DETAIL', 'a4acf71ed34711ea97e4a34c90effc21', '/core/dict/getDictType', 0, NULL, '_self', 3, NULL, NULL, NULL, 3, '1', '2021-03-03 22:33:41', '1', '2021-03-03 23:51:10', 1, 0, '6836de3b179d11eb8189fa163e5c4fd4');
INSERT INTO `tb_core_function`(`id`, `function_name`, `alias`, `code`, `parent_id`, `url`, `is_menu`, `icon`, `target`, `sort`, `remark`, `moude_summary`, `operate_instruction`, `function_level`, `create_user`, `create_time`, `update_user`, `update_time`, `status`, `is_deleted`, `create_org`) VALUES ('a504126ad34711ea97e4a34c90effc21', '字典列表', '分页查询字典列表', 'SYSTEM_DICT_LIST', 'a4acf71ed34711ea97e4a34c90effc21', '/core/dict/listByType', 0, NULL, '_self', 4, NULL, NULL, NULL, 3, '1', '2021-03-03 22:33:41', '1', '2021-03-03 23:51:22', 1, 0, '6836de3b179d11eb8189fa163e5c4fd4');
INSERT INTO `tb_core_function`(`id`, `function_name`, `alias`, `code`, `parent_id`, `url`, `is_menu`, `icon`, `target`, `sort`, `remark`, `moude_summary`, `operate_instruction`, `function_level`, `create_user`, `create_time`, `update_user`, `update_time`, `status`, `is_deleted`, `create_org`) VALUES ('a505e4dcd34711ea97e4a34c90effc21', '保存字典', '新增或修改一个字典', 'SYSTEM_DICT_SAVE', 'a4acf71ed34711ea97e4a34c90effc21', '/core/dict/saveDict', 0, NULL, '_self', 5, NULL, NULL, NULL, 3, '1', '2021-03-03 22:33:41', '1', '2021-03-03 23:51:35', 1, 0, '6836de3b179d11eb8189fa163e5c4fd4');
INSERT INTO `tb_core_function`(`id`, `function_name`, `alias`, `code`, `parent_id`, `url`, `is_menu`, `icon`, `target`, `sort`, `remark`, `moude_summary`, `operate_instruction`, `function_level`, `create_user`, `create_time`, `update_user`, `update_time`, `status`, `is_deleted`, `create_org`) VALUES ('a507a81cd34561ea97e4a34c90effc21', '新增字典类型', '新增字典类型', 'SYSTEM_DICT_TYPE_ADD', 'a4acf71ed34711ea97e4a34c90effc21', '/core/dict/add', 0, NULL, '_self', 1, NULL, NULL, NULL, 3, '1', '2021-03-03 22:33:41', '1', '2021-03-03 22:33:41', 1, 0, '6836de3b179d11eb8189fa163e5c4fd4');
INSERT INTO `tb_core_function`(`id`, `function_name`, `alias`, `code`, `parent_id`, `url`, `is_menu`, `icon`, `target`, `sort`, `remark`, `moude_summary`, `operate_instruction`, `function_level`, `create_user`, `create_time`, `update_user`, `update_time`, `status`, `is_deleted`, `create_org`) VALUES ('a507a81cd34711ea97e4a34c90effc21', '删除字典', '删除字典', 'SYSTEM_DICT_DELETE', 'a4acf71ed34711ea97e4a34c90effc21', '/core/dict/deleteDict', 0, NULL, '_self', 6, NULL, NULL, NULL, 3, '1', '2021-03-03 22:33:41', '1', '2021-03-03 23:51:53', 1, 0, '6836de3b179d11eb8189fa163e5c4fd4');
INSERT INTO `tb_core_function`(`id`, `function_name`, `alias`, `code`, `parent_id`, `url`, `is_menu`, `icon`, `target`, `sort`, `remark`, `moude_summary`, `operate_instruction`, `function_level`, `create_user`, `create_time`, `update_user`, `update_time`, `status`, `is_deleted`, `create_org`) VALUES ('a5098966d34711ea97e4a34c90effc21', '字典详情', '查询字典详情', 'SYSTEM_DICT_DETAIL', 'a4acf71ed34711ea97e4a34c90effc21', '/core/dict/getDict', 0, NULL, '_self', 6, NULL, NULL, NULL, 3, '1', '2021-03-03 22:33:41', '1', '2021-03-03 23:52:06', 1, 0, '6836de3b179d11eb8189fa163e5c4fd4');
INSERT INTO `tb_core_function`(`id`, `function_name`, `alias`, `code`, `parent_id`, `url`, `is_menu`, `icon`, `target`, `sort`, `remark`, `moude_summary`, `operate_instruction`, `function_level`, `create_user`, `create_time`, `update_user`, `update_time`, `status`, `is_deleted`, `create_org`) VALUES ('a5098966d34723ea9781a34c90effc21', '树形角色', '查询角色树形列表', 'SYSTEM_ROLE_LIST_TREE', 'a4a32590d34711ea97e4a34c90effc21', '/core/role/listTree', 0, NULL, '_self', 2, NULL, NULL, NULL, 3, '1', '2021-03-03 22:33:41', '1', '2021-03-03 23:25:32', 1, 0, '6836de3b179d11eb8189fa163e5c4fd4');
INSERT INTO `tb_core_function`(`id`, `function_name`, `alias`, `code`, `parent_id`, `url`, `is_menu`, `icon`, `target`, `sort`, `remark`, `moude_summary`, `operate_instruction`, `function_level`, `create_user`, `create_time`, `update_user`, `update_time`, `status`, `is_deleted`, `create_org`) VALUES ('a5098966d34723ea97d4a34c90effc21', '字典子级', '查询字典子级', 'SYSTEM_DICT_LIST_BY_PARENT', 'a4acf71ed34711ea97e4a34c90effc21', '/core/dict/listDictChildList', 0, NULL, '_self', 7, NULL, NULL, NULL, 3, '1', '2021-03-03 22:33:41', '1', '2021-03-03 23:52:23', 1, 0, '6836de3b179d11eb8189fa163e5c4fd4');
INSERT INTO `tb_core_function`(`id`, `function_name`, `alias`, `code`, `parent_id`, `url`, `is_menu`, `icon`, `target`, `sort`, `remark`, `moude_summary`, `operate_instruction`, `function_level`, `create_user`, `create_time`, `update_user`, `update_time`, `status`, `is_deleted`, `create_org`) VALUES ('a50b70a0d34711ea97e4fg4c90effc21', '修改密码', '修改密码', 'UPDATE_PASSWORD', '-1', '/core/user/updatePassword', 0, NULL, '_self', 100, NULL, NULL, NULL, 1, '1', '2021-03-03 22:33:41', '1', '2021-03-04 00:13:40', 1, 0, '6836de3b179d11eb8189fa163e5c4fd4');
INSERT INTO `tb_core_function`(`id`, `function_name`, `alias`, `code`, `parent_id`, `url`, `is_menu`, `icon`, `target`, `sort`, `remark`, `moude_summary`, `operate_instruction`, `function_level`, `create_user`, `create_time`, `update_user`, `update_time`, `status`, `is_deleted`, `create_org`) VALUES ('a50ee7f8d34711ea97e4a34c90effc21', '菜单列表', '菜单列表', 'FUNCTION_LISTMENUTREE', '-1', '/core/function/listMenuTree', 0, NULL, '_self', 101, NULL, NULL, NULL, 3, '1', '2021-03-03 22:33:41', '1', '2021-03-03 22:55:36', 1, 0, '6836de3b179d11eb8189fa163e5c4fd4');
INSERT INTO `tb_core_function`(`id`, `function_name`, `alias`, `code`, `parent_id`, `url`, `is_menu`, `icon`, `target`, `sort`, `remark`, `moude_summary`, `operate_instruction`, `function_level`, `create_user`, `create_time`, `update_user`, `update_time`, `status`, `is_deleted`, `create_org`) VALUES ('a51089b4d34711ea97e4a34c90effc21', '菜单下按钮列表', '按钮列表', 'FUNCTION_LISTBUT', '-1', '/core/function/listBut', 0, NULL, '_self', 102, NULL, NULL, NULL, 3, '1', '2021-03-03 22:33:41', '1', '2021-03-03 22:55:40', 1, 0, '6836de3b179d11eb8189fa163e5c4fd4');
INSERT INTO `tb_core_function`(`id`, `function_name`, `alias`, `code`, `parent_id`, `url`, `is_menu`, `icon`, `target`, `sort`, `remark`, `moude_summary`, `operate_instruction`, `function_level`, `create_user`, `create_time`, `update_user`, `update_time`, `status`, `is_deleted`, `create_org`) VALUES ('ac522c686b2c1b6060a86e7866ce9109', '去除用户', '去除用户', 'SYSTEM_ROLE_DELUSER', 'a4a32590d34711ea97e4a34c90effc21', '/core/user/deleteRoleUser', 0, '', '_self', 3, '给一个角色去除已配置的用户', NULL, NULL, 3, '1', '2021-03-03 22:33:41', '1', '2021-03-03 23:09:50', 1, 0, '6836de3b179d11eb8189fa163e5c4fd4');
INSERT INTO `tb_core_function`(`id`, `function_name`, `alias`, `code`, `parent_id`, `url`, `is_menu`, `icon`, `target`, `sort`, `remark`, `moude_summary`, `operate_instruction`, `function_level`, `create_user`, `create_time`, `update_user`, `update_time`, `status`, `is_deleted`, `create_org`) VALUES ('ac8465d912bcea10eb348e38994e973f', '获取源码', '源码', 'GITEE', '9cf521fe6e03970fe8f503ca9c5052a2', 'https://gitee.com/gdzWork', 1, 'iconfont icongitee2', '_blank', 0, '', '', '', NULL, '1', '2021-03-04 00:58:14', '1', '2021-03-04 00:58:14', 1, 0, '6836de3b179d11eb8189fa163e5c4fd4');
INSERT INTO `tb_core_function`(`id`, `function_name`, `alias`, `code`, `parent_id`, `url`, `is_menu`, `icon`, `target`, `sort`, `remark`, `moude_summary`, `operate_instruction`, `function_level`, `create_user`, `create_time`, `update_user`, `update_time`, `status`, `is_deleted`, `create_org`) VALUES ('b9ae75ec173611eb84471dda4r506f3f', '修改租户', '修改租户', 'SYSTEM_TENANT_UPDATE', 'f05fe7b4c8817b808f93b095b070d16b', '/core/tenant/update', 0, '', '_self', 0, NULL, NULL, NULL, 1, '1', '2021-03-03 22:33:41', '1', '2021-03-03 23:02:07', 1, 0, '6836de3b179d11eb8189fa163e5c4fd4');
INSERT INTO `tb_core_function`(`id`, `function_name`, `alias`, `code`, `parent_id`, `url`, `is_menu`, `icon`, `target`, `sort`, `remark`, `moude_summary`, `operate_instruction`, `function_level`, `create_user`, `create_time`, `update_user`, `update_time`, `status`, `is_deleted`, `create_org`) VALUES ('b9ae75ec173611eb84471dda60506f3f', '新增租户', '新增租户', 'SYSTEM_TENANT_ADD', 'f05fe7b4c8817b808f93b095b070d16b', '/core/tenant/add', 0, '', '_self', 0, NULL, NULL, NULL, 1, '1', '2021-03-03 22:33:41', '1', '2021-03-03 23:02:17', 1, 0, '6836de3b179d11eb8189fa163e5c4fd4');
INSERT INTO `tb_core_function`(`id`, `function_name`, `alias`, `code`, `parent_id`, `url`, `is_menu`, `icon`, `target`, `sort`, `remark`, `moude_summary`, `operate_instruction`, `function_level`, `create_user`, `create_time`, `update_user`, `update_time`, `status`, `is_deleted`, `create_org`) VALUES ('b9ae75ec173611eb84471dgh4r506f3f', '删除租户', '删除租户', 'SYSTEM_TENANT_DELETE', 'f05fe7b4c8817b808f93b095b070d16b', '/core/tenant/delete', 0, '', '_self', 0, NULL, NULL, NULL, 1, '1', '2021-03-03 22:33:41', '1', '2021-03-03 23:02:26', 1, 0, '6836de3b179d11eb8189fa163e5c4fd4');
INSERT INTO `tb_core_function`(`id`, `function_name`, `alias`, `code`, `parent_id`, `url`, `is_menu`, `icon`, `target`, `sort`, `remark`, `moude_summary`, `operate_instruction`, `function_level`, `create_user`, `create_time`, `update_user`, `update_time`, `status`, `is_deleted`, `create_org`) VALUES ('b9ae75ec173611eb84471dgh4rhj6f3f', '授权配置', '租户授权配置', 'SYSTEM_TENANT_SETTING', 'f05fe7b4c8817b808f93b095b070d16b', '/core/tenant/setting', 0, '', '_self', 0, NULL, NULL, NULL, 1, '1', '2021-03-03 22:33:41', '1', '2021-03-03 23:03:15', 1, 0, '6836de3b179d11eb8189fa163e5c4fd4');
INSERT INTO `tb_core_function`(`id`, `function_name`, `alias`, `code`, `parent_id`, `url`, `is_menu`, `icon`, `target`, `sort`, `remark`, `moude_summary`, `operate_instruction`, `function_level`, `create_user`, `create_time`, `update_user`, `update_time`, `status`, `is_deleted`, `create_org`) VALUES ('b9ae75ec173611eb84474dda60506f3f', '租户设置', '租户', 'TENANT', '-1', '/tenant', 1, 'iconfont icon-rizhi1', '_self', 0, '', '', '', 1, '1', '2021-03-03 22:33:41', '1', '2021-03-03 22:33:41', 1, 0, '6836de3b179d11eb8189fa163e5c4fd4');
INSERT INTO `tb_core_function`(`id`, `function_name`, `alias`, `code`, `parent_id`, `url`, `is_menu`, `icon`, `target`, `sort`, `remark`, `moude_summary`, `operate_instruction`, `function_level`, `create_user`, `create_time`, `update_user`, `update_time`, `status`, `is_deleted`, `create_org`) VALUES ('b9ty75ec173611eb84454dgh4rhj6f3f', '域名查询租户', '域名查询租户', 'SYSTEM_TENANT_DOMAIN', '-1', '/core/tenant/queryByDomain', 0, '', '_self', 104, '', '', '', 1, '1', '2021-03-03 22:33:41', '1', '2021-03-03 23:03:21', 1, 0, '6836de3b179d11eb8189fa163e5c4fd4');
INSERT INTO `tb_core_function`(`id`, `function_name`, `alias`, `code`, `parent_id`, `url`, `is_menu`, `icon`, `target`, `sort`, `remark`, `moude_summary`, `operate_instruction`, `function_level`, `create_user`, `create_time`, `update_user`, `update_time`, `status`, `is_deleted`, `create_org`) VALUES ('ba68cae48996260984a5c38e52fc0d47', '角色用户', '角色用户', 'SYSTEM_ROLE_USER', 'a4a32590d34711ea97e4a34c90effc21', '/core/user/listByRole', 0, '', '_self', 4, '', NULL, NULL, 3, '1', '2021-03-03 22:33:41', '1', '2021-03-03 23:10:41', 1, 0, '6836de3b179d11eb8189fa163e5c4fd4');
INSERT INTO `tb_core_function`(`id`, `function_name`, `alias`, `code`, `parent_id`, `url`, `is_menu`, `icon`, `target`, `sort`, `remark`, `moude_summary`, `operate_instruction`, `function_level`, `create_user`, `create_time`, `update_user`, `update_time`, `status`, `is_deleted`, `create_org`) VALUES ('c2d6beaac980846ff0b08d1d854b01f7', '菜单资源', '接口按钮', 'SYSTEM_ROLE_BUT', 'a4a32590d34711ea97e4a34c90effc21', '/core/function/listButByMenu', 0, '', '_self', 3, '查询一个菜单下所有的接口、按钮资源', NULL, NULL, 3, '1', '2021-03-03 22:33:41', '1', '2021-03-03 23:10:05', 1, 0, '6836de3b179d11eb8189fa163e5c4fd4');
INSERT INTO `tb_core_function`(`id`, `function_name`, `alias`, `code`, `parent_id`, `url`, `is_menu`, `icon`, `target`, `sort`, `remark`, `moude_summary`, `operate_instruction`, `function_level`, `create_user`, `create_time`, `update_user`, `update_time`, `status`, `is_deleted`, `create_org`) VALUES ('c7ecb3cb39d29f3062a9bbc6d354bccb', '删除文件', '删除', 'SYSTEM_FILE_DELETE', 'a4a0a4aad34711ea97dxa34c90effc21', '/core/file/delete', 0, '', '_self', 1, '', NULL, NULL, 3, '1', '2021-03-03 22:33:41', '1', '2021-03-03 23:37:52', 1, 0, '6836de3b179d11eb8189fa163e5c4fd4');
INSERT INTO `tb_core_function`(`id`, `function_name`, `alias`, `code`, `parent_id`, `url`, `is_menu`, `icon`, `target`, `sort`, `remark`, `moude_summary`, `operate_instruction`, `function_level`, `create_user`, `create_time`, `update_user`, `update_time`, `status`, `is_deleted`, `create_org`) VALUES ('cee1237740f54d5fc16f852e217a2c7e', '接口文档', '接口', 'DOC', '9cf521fe6e03970fe8f503ca9c5052a2', 'http://doc.jpower.top', 1, 'iconfont iconicon_compile', '_blank', 0, '', '', '', NULL, '1', '2021-03-04 00:54:13', '1', '2021-03-04 00:54:13', 1, 0, '6836de3b179d11eb8189fa163e5c4fd4');
INSERT INTO `tb_core_function`(`id`, `function_name`, `alias`, `code`, `parent_id`, `url`, `is_menu`, `icon`, `target`, `sort`, `remark`, `moude_summary`, `operate_instruction`, `function_level`, `create_user`, `create_time`, `update_user`, `update_time`, `status`, `is_deleted`, `create_org`) VALUES ('d31dfc73255aa8f9e268ddd052bbd0ce', '下载模板', '下载模板', 'SYSTEM_USER_DOWNLOADTEMPLATE', 'a4a0a4aad34711ea97e4a34c90effc21', '/core/user/downloadTemplate', 0, '', '_blank', 2, '', NULL, NULL, NULL, '1', '2021-03-03 22:33:41', '1', '2021-03-03 22:49:14', 1, 0, '6836de3b179d11eb8189fa163e5c4fd4');
INSERT INTO `tb_core_function`(`id`, `function_name`, `alias`, `code`, `parent_id`, `url`, `is_menu`, `icon`, `target`, `sort`, `remark`, `moude_summary`, `operate_instruction`, `function_level`, `create_user`, `create_time`, `update_user`, `update_time`, `status`, `is_deleted`, `create_org`) VALUES ('d5f47b2455de98b4a4b740d4262c4e74', '修改登录人信息', '修改登录人信息', 'UPDATE_LOGIN', '-1', '/core/user/updateLogin', 0, '', '_self', 103, '', '', '', NULL, '1', '2021-03-03 22:33:41', '1', '2021-03-03 22:55:46', 1, 0, '6836de3b179d11eb8189fa163e5c4fd4');
INSERT INTO `tb_core_function`(`id`, `function_name`, `alias`, `code`, `parent_id`, `url`, `is_menu`, `icon`, `target`, `sort`, `remark`, `moude_summary`, `operate_instruction`, `function_level`, `create_user`, `create_time`, `update_user`, `update_time`, `status`, `is_deleted`, `create_org`) VALUES ('dd62ef357e4c9fbaa5ddbd55c31f6f67', '添加用户', '添加用户', 'SYSTEM_ROLE_ADDUSER', 'a4a32590d34711ea97e4a34c90effc21', '/core/user/addRoleUser', 0, '', '_self', 3, '给一个角色增加新的用户', NULL, NULL, 3, '1', '2021-03-03 22:33:41', '1', '2021-03-03 23:10:19', 1, 0, '6836de3b179d11eb8189fa163e5c4fd4');
INSERT INTO `tb_core_function`(`id`, `function_name`, `alias`, `code`, `parent_id`, `url`, `is_menu`, `icon`, `target`, `sort`, `remark`, `moude_summary`, `operate_instruction`, `function_level`, `create_user`, `create_time`, `update_user`, `update_time`, `status`, `is_deleted`, `create_org`) VALUES ('e4f5e528d3314532572fd97a5c511c1c', '角色列表', '角色列表', 'SYSTEM_USER_ROLE', 'a4a0a4aad34711ea97e4a34c90effc21', '/core/role/listTree', 0, '', '_self', 0, '', '', '', NULL, '1', '2021-03-03 22:53:06', '1', '2021-03-03 22:53:06', 1, 0, '6836de3b179d11eb8189fa163e5c4fd4');
INSERT INTO `tb_core_function`(`id`, `function_name`, `alias`, `code`, `parent_id`, `url`, `is_menu`, `icon`, `target`, `sort`, `remark`, `moude_summary`, `operate_instruction`, `function_level`, `create_user`, `create_time`, `update_user`, `update_time`, `status`, `is_deleted`, `create_org`) VALUES ('e5d2e88b77ed9f5d0eb108a2777d467f', '树形部门', '树形部门', 'SYSTEM_USER_ORG', 'a4a0a4aad34711ea97e4a34c90effc21', '/core/org/tree', 0, '', '_self', 0, '', '', '', NULL, '1', '2021-03-03 22:51:19', '1', '2021-03-03 22:51:19', 1, 0, '6836de3b179d11eb8189fa163e5c4fd4');
INSERT INTO `tb_core_function`(`id`, `function_name`, `alias`, `code`, `parent_id`, `url`, `is_menu`, `icon`, `target`, `sort`, `remark`, `moude_summary`, `operate_instruction`, `function_level`, `create_user`, `create_time`, `update_user`, `update_time`, `status`, `is_deleted`, `create_org`) VALUES ('f05fe7b4c8817b808f93b095b070d16b', '租户管理', '租户管理', 'SYSTEM_TENANT', 'b9ae75ec173611eb84474dda60506f3f', '/core/tenant/list', 1, 'iconfont iconicon_boss', '_self', 0, '', '', '', 1, '1', '2021-03-03 22:33:41', '1', '2021-03-03 22:57:51', 1, 0, '6836de3b179d11eb8189fa163e5c4fd4');
INSERT INTO `tb_core_function`(`id`, `function_name`, `alias`, `code`, `parent_id`, `url`, `is_menu`, `icon`, `target`, `sort`, `remark`, `moude_summary`, `operate_instruction`, `function_level`, `create_user`, `create_time`, `update_user`, `update_time`, `status`, `is_deleted`, `create_org`) VALUES ('f5c98f08be8da489a05a534bc69c46d3', '详情', '查询详情', 'SYSTEM_CITY_DETAIL', 'a4aa9780d34711ea97e4a34c90effc21', '/core/city/get', 0, '', '_self', 0, '', '', '', NULL, '1', '2021-03-03 22:33:41', '1', '2021-03-03 23:45:57', 1, 0, '6836de3b179d11eb8189fa163e5c4fd4');

-- tb_core_org

INSERT INTO `tb_core_org`(`id`, `code`, `name`, `parent_id`, `ancestor_id`, `icon`, `sort`, `head_name`, `head_phone`, `head_email`, `contact_name`, `contact_phone`, `contact_email`, `address`, `is_virtual`, `remark`, `create_user`, `create_time`, `update_user`, `update_time`, `status`, `is_deleted`, `tenant_code`, `create_org`) VALUES ('19e8ebdbd2cce9eda63aefc36628cb50', 'TEST', '人事部门', '6836de3b179d11eb8189fa163e5c4fd4', '6836de3b179d11eb8189fa163e5c4fd4,-1', NULL, 0, '', '', '', '老大手下', '11011011001', '', '', 1, '', '1', '2021-03-03 22:33:52', '1', '2021-03-03 22:33:52', 1, 0, '000000', '6836de3b179d11eb8189fa163e5c4fd4');
INSERT INTO `tb_core_org`(`id`, `code`, `name`, `parent_id`, `ancestor_id`, `icon`, `sort`, `head_name`, `head_phone`, `head_email`, `contact_name`, `contact_phone`, `contact_email`, `address`, `is_virtual`, `remark`, `create_user`, `create_time`, `update_user`, `update_time`, `status`, `is_deleted`, `tenant_code`, `create_org`) VALUES ('6836de3b179d11eb8189fa163e5c4fd4', '000000', '牛逼科技', '-1', '-1', NULL, 0, NULL, NULL, NULL, '公司老大', '11011071100', NULL, NULL, 1, NULL, '1', '2021-03-03 22:33:52', '1', '2021-03-03 22:33:52', 1, 0, '000000', '6836de3b179d11eb8189fa163e5c4fd4');
INSERT INTO `tb_core_org`(`id`, `code`, `name`, `parent_id`, `ancestor_id`, `icon`, `sort`, `head_name`, `head_phone`, `head_email`, `contact_name`, `contact_phone`, `contact_email`, `address`, `is_virtual`, `remark`, `create_user`, `create_time`, `update_user`, `update_time`, `status`, `is_deleted`, `tenant_code`, `create_org`) VALUES ('83bacc1543bb2dc56a38fee32bb4a1fd', 'programmer', '程序员部门', '6836de3b179d11eb8189fa163e5c4fd4', '6836de3b179d11eb8189fa163e5c4fd4,-1', NULL, 0, '', '', '', '秃顶老大', '12012011200', '', '', 1, '', '1', '2021-03-03 22:33:52', '1', '2021-03-05 16:57:38', 1, 0, '000000', '6836de3b179d11eb8189fa163e5c4fd4');


-- tb_core_param

INSERT INTO `tb_core_param`(`id`, `code`, `name`, `value`, `note`, `create_user`, `create_time`, `update_user`, `update_time`, `status`, `is_deleted`, `is_effect`, `create_org`) VALUES ('39d36d80127f11ea80eb7a10df2f4ffc', 'JPOWER_USER_DEFAULT_PASSWORD', '用户默认登录密码', '123456', '系统用户默认登录密码', '1', '2021-03-03 22:33:47', '1', '2021-03-03 22:33:47', 1, 0, 1, '6836de3b179d11eb8189fa163e5c4fd4');
INSERT INTO `tb_core_param`(`id`, `code`, `name`, `value`, `note`, `create_user`, `create_time`, `update_user`, `update_time`, `status`, `is_deleted`, `is_effect`, `create_org`) VALUES ('39d36d80997f11ea80eb7a10df2f4ffc', 'JPOWER_IS_ACTIVATION', '新增用户默认是否激活', '1', '注册用户默认是否激活：1代表是，0代表否', '1', '2021-03-03 22:33:47', '1', '2021-03-05 11:38:27', 1, 0, 1, '6836de3b179d11eb8189fa163e5c4fd4');

-- tb_core_role_function

INSERT INTO `tb_core_role_function`(`id`, `role_id`, `function_id`, `create_user`, `create_time`, `update_user`, `update_time`, `status`, `is_deleted`, `create_org`) VALUES ('0477329c9f6c46a5939852e8cf4bbb53', '1', '9619725f9313cc52db57da1a6e250334', '1', '2021-03-05 11:15:42', '1', '2021-03-05 11:15:42', 1, 0, '6836de3b179d11eb8189fa163e5c4fd4');
INSERT INTO `tb_core_role_function`(`id`, `role_id`, `function_id`, `create_user`, `create_time`, `update_user`, `update_time`, `status`, `is_deleted`, `create_org`) VALUES ('0530769e996fd47f9fcae1c255c0f54b', '1', 'a4f8b9ced34711ea97e4a34c90effc21', '1', '2021-03-05 11:15:42', '1', '2021-03-05 11:15:42', 1, 0, '6836de3b179d11eb8189fa163e5c4fd4');
INSERT INTO `tb_core_role_function`(`id`, `role_id`, `function_id`, `create_user`, `create_time`, `update_user`, `update_time`, `status`, `is_deleted`, `create_org`) VALUES ('063c1cebd891fd64740d58e48cbc58a7', '1', 'a4f353b2d34711ea97e4a34c90effc21', '1', '2021-03-05 11:15:42', '1', '2021-03-05 11:15:42', 1, 0, '6836de3b179d11eb8189fa163e5c4fd4');
INSERT INTO `tb_core_role_function`(`id`, `role_id`, `function_id`, `create_user`, `create_time`, `update_user`, `update_time`, `status`, `is_deleted`, `create_org`) VALUES ('0785de3bd55f28fd031b0abf194d8fac', '1', 'f5c98f08be8da489a05a534bc69c46d3', '1', '2021-03-05 11:15:42', '1', '2021-03-05 11:15:42', 1, 0, '6836de3b179d11eb8189fa163e5c4fd4');
INSERT INTO `tb_core_role_function`(`id`, `role_id`, `function_id`, `create_user`, `create_time`, `update_user`, `update_time`, `status`, `is_deleted`, `create_org`) VALUES ('08020dfcbda4f03e83f0e9f3ede679de', '1', 'a4da22e8d34711ea97e4a34c90effc21', '1', '2021-03-05 11:15:42', '1', '2021-03-05 11:15:42', 1, 0, '6836de3b179d11eb8189fa163e5c4fd4');
INSERT INTO `tb_core_role_function`(`id`, `role_id`, `function_id`, `create_user`, `create_time`, `update_user`, `update_time`, `status`, `is_deleted`, `create_org`) VALUES ('0a6350378329ee499e44e1987d295b7a', '1', 'a50b70a0d34711ea97e4fg4c90effc21', '1', '2021-03-05 11:15:42', '1', '2021-03-05 11:15:42', 1, 0, '6836de3b179d11eb8189fa163e5c4fd4');
INSERT INTO `tb_core_role_function`(`id`, `role_id`, `function_id`, `create_user`, `create_time`, `update_user`, `update_time`, `status`, `is_deleted`, `create_org`) VALUES ('0ab03dbf410234a7549bdc3aac689ec3', '1', 'a505e4dcd34711ea97e4a34c90effc21', '1', '2021-03-05 11:15:42', '1', '2021-03-05 11:15:42', 1, 0, '6836de3b179d11eb8189fa163e5c4fd4');
INSERT INTO `tb_core_role_function`(`id`, `role_id`, `function_id`, `create_user`, `create_time`, `update_user`, `update_time`, `status`, `is_deleted`, `create_org`) VALUES ('0cd46dd72ad236154e41923ec65039b4', '1', 'a4acf71ed34711ea97e4a34c90effc21', '1', '2021-03-05 11:15:42', '1', '2021-03-05 11:15:42', 1, 0, '6836de3b179d11eb8189fa163e5c4fd4');
INSERT INTO `tb_core_role_function`(`id`, `role_id`, `function_id`, `create_user`, `create_time`, `update_user`, `update_time`, `status`, `is_deleted`, `create_org`) VALUES ('0db1aaef2e285aca24ed17c079385666', '1', 'a4f6d7eed34711ea97e4a34c90effc21', '1', '2021-03-05 11:15:42', '1', '2021-03-05 11:15:42', 1, 0, '6836de3b179d11eb8189fa163e5c4fd4');
INSERT INTO `tb_core_role_function`(`id`, `role_id`, `function_id`, `create_user`, `create_time`, `update_user`, `update_time`, `status`, `is_deleted`, `create_org`) VALUES ('0e62967e233ff45e7ad750c5ef462c16', '1', 'a4a0a4aad34711ea97dxa34c90effc21', '1', '2021-03-05 11:15:42', '1', '2021-03-05 11:15:42', 1, 0, '6836de3b179d11eb8189fa163e5c4fd4');
INSERT INTO `tb_core_role_function`(`id`, `role_id`, `function_id`, `create_user`, `create_time`, `update_user`, `update_time`, `status`, `is_deleted`, `create_org`) VALUES ('0ffcab18d92315e1cd73985348e556df', '1', 'a507a81cd34711ea97e4a34c90effc21', '1', '2021-03-05 11:15:42', '1', '2021-03-05 11:15:42', 1, 0, '6836de3b179d11eb8189fa163e5c4fd4');
INSERT INTO `tb_core_role_function`(`id`, `role_id`, `function_id`, `create_user`, `create_time`, `update_user`, `update_time`, `status`, `is_deleted`, `create_org`) VALUES ('10c1faf346a5fc0152d439f21cd453fd', '1', '9cf521fe6e03970fe8f503ca9c5052a2', '1', '2021-03-05 11:15:42', '1', '2021-03-05 11:15:42', 1, 0, '6836de3b179d11eb8189fa163e5c4fd4');
INSERT INTO `tb_core_role_function`(`id`, `role_id`, `function_id`, `create_user`, `create_time`, `update_user`, `update_time`, `status`, `is_deleted`, `create_org`) VALUES ('134efc54fb72eacf706abf4b1148e712', '1', 'ac8465d912bcea10eb348e38994e973f', '1', '2021-03-05 11:15:42', '1', '2021-03-05 11:15:42', 1, 0, '6836de3b179d11eb8189fa163e5c4fd4');
INSERT INTO `tb_core_role_function`(`id`, `role_id`, `function_id`, `create_user`, `create_time`, `update_user`, `update_time`, `status`, `is_deleted`, `create_org`) VALUES ('143e0e0507401ff4f1cc47fd60d7312e', '1', 'a4c55fa2d34711ea97e4a34c90effc21', '1', '2021-03-05 11:15:42', '1', '2021-03-05 11:15:42', 1, 0, '6836de3b179d11eb8189fa163e5c4fd4');
INSERT INTO `tb_core_role_function`(`id`, `role_id`, `function_id`, `create_user`, `create_time`, `update_user`, `update_time`, `status`, `is_deleted`, `create_org`) VALUES ('179f74c08339bce7b1523d41017ada6a', '1', 'a4b3f1d6d34711ea97e4a34c90effc21', '1', '2021-03-05 11:15:42', '1', '2021-03-05 11:15:42', 1, 0, '6836de3b179d11eb8189fa163e5c4fd4');
INSERT INTO `tb_core_role_function`(`id`, `role_id`, `function_id`, `create_user`, `create_time`, `update_user`, `update_time`, `status`, `is_deleted`, `create_org`) VALUES ('1c3cf91b5bd1734f0e5a1f326ca0744e', '1', '3c8f3b1eaa17df74ddb71e681f41c1fe', '1', '2021-03-05 11:15:42', '1', '2021-03-05 11:15:42', 1, 0, '6836de3b179d11eb8189fa163e5c4fd4');
INSERT INTO `tb_core_role_function`(`id`, `role_id`, `function_id`, `create_user`, `create_time`, `update_user`, `update_time`, `status`, `is_deleted`, `create_org`) VALUES ('1c988a74eb21257da01b6e4afdf4fb54', '1', 'a4c9c2c2d34711ea97e4a34c90effc21', '1', '2021-03-05 11:15:42', '1', '2021-03-05 11:15:42', 1, 0, '6836de3b179d11eb8189fa163e5c4fd4');
INSERT INTO `tb_core_role_function`(`id`, `role_id`, `function_id`, `create_user`, `create_time`, `update_user`, `update_time`, `status`, `is_deleted`, `create_org`) VALUES ('1da5ffe1ebce053ae3ba8b4b4e67abb5', '1', 'a49e8d5ad34711ea97e4a34c90effcdz', '1', '2021-03-05 11:15:42', '1', '2021-03-05 11:15:42', 1, 0, '6836de3b179d11eb8189fa163e5c4fd4');
INSERT INTO `tb_core_role_function`(`id`, `role_id`, `function_id`, `create_user`, `create_time`, `update_user`, `update_time`, `status`, `is_deleted`, `create_org`) VALUES ('211bfa6ed56f620714a12258f2dfde14', '1', 'b9ae75ec173611eb84471dda4r506f3f', '1', '2021-03-05 11:15:42', '1', '2021-03-05 11:15:42', 1, 0, '6836de3b179d11eb8189fa163e5c4fd4');
INSERT INTO `tb_core_role_function`(`id`, `role_id`, `function_id`, `create_user`, `create_time`, `update_user`, `update_time`, `status`, `is_deleted`, `create_org`) VALUES ('215933f7f6d851f58dfdaa8c78cb833c', '1', 'a4fbb192d34711ea97e4a34c90effc21', '1', '2021-03-05 11:15:42', '1', '2021-03-05 11:15:42', 1, 0, '6836de3b179d11eb8189fa163e5c4fd4');
INSERT INTO `tb_core_role_function`(`id`, `role_id`, `function_id`, `create_user`, `create_time`, `update_user`, `update_time`, `status`, `is_deleted`, `create_org`) VALUES ('22ef5584b0cb063c4d9f854cd27ccf70', '1', 'ac522c686b2c1b6060a86e7866ce9109', '1', '2021-03-05 11:15:42', '1', '2021-03-05 11:15:42', 1, 0, '6836de3b179d11eb8189fa163e5c4fd4');
INSERT INTO `tb_core_role_function`(`id`, `role_id`, `function_id`, `create_user`, `create_time`, `update_user`, `update_time`, `status`, `is_deleted`, `create_org`) VALUES ('254ec7ba388531aa10c9e8887a22b075', '1', 'a4e7808cd34711ea97e4a34c90effc21', '1', '2021-03-05 11:15:42', '1', '2021-03-05 11:15:42', 1, 0, '6836de3b179d11eb8189fa163e5c4fd4');
INSERT INTO `tb_core_role_function`(`id`, `role_id`, `function_id`, `create_user`, `create_time`, `update_user`, `update_time`, `status`, `is_deleted`, `create_org`) VALUES ('2567d21984a5d425b6cd410bc78be8e2', '1', 'ba68cae48996260984a5c38e52fc0d47', '1', '2021-03-05 11:15:42', '1', '2021-03-05 11:15:42', 1, 0, '6836de3b179d11eb8189fa163e5c4fd4');
INSERT INTO `tb_core_role_function`(`id`, `role_id`, `function_id`, `create_user`, `create_time`, `update_user`, `update_time`, `status`, `is_deleted`, `create_org`) VALUES ('256a348c6b039c5a208eee7305b4e7f4', '1', 'a4c77256d34711ea97e4a34c90effc21', '1', '2021-03-05 11:15:42', '1', '2021-03-05 11:15:42', 1, 0, '6836de3b179d11eb8189fa163e5c4fd4');
INSERT INTO `tb_core_role_function`(`id`, `role_id`, `function_id`, `create_user`, `create_time`, `update_user`, `update_time`, `status`, `is_deleted`, `create_org`) VALUES ('260919cfcdfd5a843c98b2c041afc7b0', '1', 'a4c0e738d34711ea97e4a34c90effc21', '1', '2021-03-05 11:15:42', '1', '2021-03-05 11:15:42', 1, 0, '6836de3b179d11eb8189fa163e5c4fd4');
INSERT INTO `tb_core_role_function`(`id`, `role_id`, `function_id`, `create_user`, `create_time`, `update_user`, `update_time`, `status`, `is_deleted`, `create_org`) VALUES ('29e380f564098636081a5e9effd91071', '1', 'a49e8d5ad34711ea97e4a34c90effc21', '1', '2021-03-05 11:15:42', '1', '2021-03-05 11:15:42', 1, 0, '6836de3b179d11eb8189fa163e5c4fd4');
INSERT INTO `tb_core_role_function`(`id`, `role_id`, `function_id`, `create_user`, `create_time`, `update_user`, `update_time`, `status`, `is_deleted`, `create_org`) VALUES ('2a083e96947a8e332f53f871604f94a8', '1', 'a49e8d5ad34711ea9er4ff4c90effcdz', '1', '2021-03-05 11:15:42', '1', '2021-03-05 11:15:42', 1, 0, '6836de3b179d11eb8189fa163e5c4fd4');
INSERT INTO `tb_core_role_function`(`id`, `role_id`, `function_id`, `create_user`, `create_time`, `update_user`, `update_time`, `status`, `is_deleted`, `create_org`) VALUES ('2f8ebe15e842dd306b08036308f63f81', '1', '46e6eef6d17d6687a7f92377fe714b28', '1', '2021-03-05 11:15:42', '1', '2021-03-05 11:15:42', 1, 0, '6836de3b179d11eb8189fa163e5c4fd4');
INSERT INTO `tb_core_role_function`(`id`, `role_id`, `function_id`, `create_user`, `create_time`, `update_user`, `update_time`, `status`, `is_deleted`, `create_org`) VALUES ('30a5022bf45bdb1c78373dcf54b9463d', '1', 'a499bc6cd34711ea97e4a34c90effc21', '1', '2021-03-05 11:15:42', '1', '2021-03-05 11:15:42', 1, 0, '6836de3b179d11eb8189fa163e5c4fd4');
INSERT INTO `tb_core_role_function`(`id`, `role_id`, `function_id`, `create_user`, `create_time`, `update_user`, `update_time`, `status`, `is_deleted`, `create_org`) VALUES ('3206dcc98c0d7ab228e338729312d9da', '1', '2d250d5a426f7c84faae2dfe21142284', '1', '2021-03-05 11:15:42', '1', '2021-03-05 11:15:42', 1, 0, '6836de3b179d11eb8189fa163e5c4fd4');
INSERT INTO `tb_core_role_function`(`id`, `role_id`, `function_id`, `create_user`, `create_time`, `update_user`, `update_time`, `status`, `is_deleted`, `create_org`) VALUES ('3437d730c44928526b2c3733c72d55f9', '1', 'a49e8d5ad34711x4rcr4ff4cvxefrtdz', '1', '2021-03-05 11:15:42', '1', '2021-03-05 11:15:42', 1, 0, '6836de3b179d11eb8189fa163e5c4fd4');
INSERT INTO `tb_core_role_function`(`id`, `role_id`, `function_id`, `create_user`, `create_time`, `update_user`, `update_time`, `status`, `is_deleted`, `create_org`) VALUES ('37723f6b8552e01b6922a4a661ff1836', '1', 'a4ea8566d34711ea97e4a34c90effc21', '1', '2021-03-05 11:15:42', '1', '2021-03-05 11:15:42', 1, 0, '6836de3b179d11eb8189fa163e5c4fd4');
INSERT INTO `tb_core_role_function`(`id`, `role_id`, `function_id`, `create_user`, `create_time`, `update_user`, `update_time`, `status`, `is_deleted`, `create_org`) VALUES ('39dd1a13f86dada5e9d349c1d58775a4', '1', '28959acc90138a3737292e4678f9785d', '1', '2021-03-05 11:15:42', '1', '2021-03-05 11:15:42', 1, 0, '6836de3b179d11eb8189fa163e5c4fd4');
INSERT INTO `tb_core_role_function`(`id`, `role_id`, `function_id`, `create_user`, `create_time`, `update_user`, `update_time`, `status`, `is_deleted`, `create_org`) VALUES ('3df500f05335f46603e175caeb2bbef1', '1', 'c7ecb3cb39d29f3062a9bbc6d354bccb', '1', '2021-03-05 11:15:42', '1', '2021-03-05 11:15:42', 1, 0, '6836de3b179d11eb8189fa163e5c4fd4');
INSERT INTO `tb_core_role_function`(`id`, `role_id`, `function_id`, `create_user`, `create_time`, `update_user`, `update_time`, `status`, `is_deleted`, `create_org`) VALUES ('4a52f53fbf0183459b56d45bfb3b08bd', '1', '2fea9b3607bd4837e91869289304d9da', '1', '2021-03-05 11:15:42', '1', '2021-03-05 11:15:42', 1, 0, '6836de3b179d11eb8189fa163e5c4fd4');
INSERT INTO `tb_core_role_function`(`id`, `role_id`, `function_id`, `create_user`, `create_time`, `update_user`, `update_time`, `status`, `is_deleted`, `create_org`) VALUES ('4bd3068537a16d6e0ee3ea102075f06c', '1', 'a4b63da6d34711ea97e4a34c90effc21', '1', '2021-03-05 11:15:42', '1', '2021-03-05 11:15:42', 1, 0, '6836de3b179d11eb8189fa163e5c4fd4');
INSERT INTO `tb_core_role_function`(`id`, `role_id`, `function_id`, `create_user`, `create_time`, `update_user`, `update_time`, `status`, `is_deleted`, `create_org`) VALUES ('4ec3519a7e4f0893e1aff5d425655c00', '1', 'a4df8e40d34711ea97e4afgc90effc21', '1', '2021-03-05 11:15:42', '1', '2021-03-05 11:15:42', 1, 0, '6836de3b179d11eb8189fa163e5c4fd4');
INSERT INTO `tb_core_role_function`(`id`, `role_id`, `function_id`, `create_user`, `create_time`, `update_user`, `update_time`, `status`, `is_deleted`, `create_org`) VALUES ('4fa0eb2f4187bde8d89ed88cb287e7a3', '1', '86b572bf45612f4ed4b30121c544b39e', '1', '2021-03-05 11:15:42', '1', '2021-03-05 11:15:42', 1, 0, '6836de3b179d11eb8189fa163e5c4fd4');
INSERT INTO `tb_core_role_function`(`id`, `role_id`, `function_id`, `create_user`, `create_time`, `update_user`, `update_time`, `status`, `is_deleted`, `create_org`) VALUES ('540fdd2227ca2e9091c4f4cef860372e', '1', 'a5098966d34723ea9781a34c90effc21', '1', '2021-03-05 11:15:42', '1', '2021-03-05 11:15:42', 1, 0, '6836de3b179d11eb8189fa163e5c4fd4');
INSERT INTO `tb_core_role_function`(`id`, `role_id`, `function_id`, `create_user`, `create_time`, `update_user`, `update_time`, `status`, `is_deleted`, `create_org`) VALUES ('5598bbf4fa6d73cfa21164f38341b12e', '1', 'a4d52572d34711ea97e4a34c90effc21', '1', '2021-03-05 11:15:42', '1', '2021-03-05 11:15:42', 1, 0, '6836de3b179d11eb8189fa163e5c4fd4');
INSERT INTO `tb_core_role_function`(`id`, `role_id`, `function_id`, `create_user`, `create_time`, `update_user`, `update_time`, `status`, `is_deleted`, `create_org`) VALUES ('56d1b0314460e2d8447509bc567e771f', '1', 'd5f47b2455de98b4a4b740d4262c4e74', '1', '2021-03-05 11:15:42', '1', '2021-03-05 11:15:42', 1, 0, '6836de3b179d11eb8189fa163e5c4fd4');
INSERT INTO `tb_core_role_function`(`id`, `role_id`, `function_id`, `create_user`, `create_time`, `update_user`, `update_time`, `status`, `is_deleted`, `create_org`) VALUES ('57a9558b7f56cadf8aff0bc20cd1350a', '1', 'a502303ad34711ea97e4a34c90effc21', '1', '2021-03-05 11:15:42', '1', '2021-03-05 11:15:42', 1, 0, '6836de3b179d11eb8189fa163e5c4fd4');
INSERT INTO `tb_core_role_function`(`id`, `role_id`, `function_id`, `create_user`, `create_time`, `update_user`, `update_time`, `status`, `is_deleted`, `create_org`) VALUES ('5b1d96421e658c45b1bf591ade72ef29', '1', 'a4f5525cd34711ea97e4a34c90effc21', '1', '2021-03-05 11:15:42', '1', '2021-03-05 11:15:42', 1, 0, '6836de3b179d11eb8189fa163e5c4fd4');
INSERT INTO `tb_core_role_function`(`id`, `role_id`, `function_id`, `create_user`, `create_time`, `update_user`, `update_time`, `status`, `is_deleted`, `create_org`) VALUES ('69a7ec4a6b2a48e333827518f65deb8b', '1', 'a507a81cd34561ea97e4a34c90effc21', '1', '2021-03-05 11:15:42', '1', '2021-03-05 11:15:42', 1, 0, '6836de3b179d11eb8189fa163e5c4fd4');
INSERT INTO `tb_core_role_function`(`id`, `role_id`, `function_id`, `create_user`, `create_time`, `update_user`, `update_time`, `status`, `is_deleted`, `create_org`) VALUES ('69f14cb968a5876836cdb7b62078e618', '1', 'a49e8d5ad34711ea9er4a34c90effcdz', '1', '2021-03-05 11:15:42', '1', '2021-03-05 11:15:42', 1, 0, '6836de3b179d11eb8189fa163e5c4fd4');
INSERT INTO `tb_core_role_function`(`id`, `role_id`, `function_id`, `create_user`, `create_time`, `update_user`, `update_time`, `status`, `is_deleted`, `create_org`) VALUES ('707ca3a80685f1b33a631ed09a7c178a', '1', 'f05fe7b4c8817b808f93b095b070d16b', '1', '2021-03-05 11:15:42', '1', '2021-03-05 11:15:42', 1, 0, '6836de3b179d11eb8189fa163e5c4fd4');
INSERT INTO `tb_core_role_function`(`id`, `role_id`, `function_id`, `create_user`, `create_time`, `update_user`, `update_time`, `status`, `is_deleted`, `create_org`) VALUES ('72365fc01637a230ae79f9f3b0b57b36', '1', 'b9ae75ec173611eb84471dda60506f3f', '1', '2021-03-05 11:15:42', '1', '2021-03-05 11:15:42', 1, 0, '6836de3b179d11eb8189fa163e5c4fd4');
INSERT INTO `tb_core_role_function`(`id`, `role_id`, `function_id`, `create_user`, `create_time`, `update_user`, `update_time`, `status`, `is_deleted`, `create_org`) VALUES ('73a67347f236868a5258f629010dfeb1', '1', 'a504126ad34711ea97e4a34c90effc21', '1', '2021-03-05 11:15:42', '1', '2021-03-05 11:15:42', 1, 0, '6836de3b179d11eb8189fa163e5c4fd4');
INSERT INTO `tb_core_role_function`(`id`, `role_id`, `function_id`, `create_user`, `create_time`, `update_user`, `update_time`, `status`, `is_deleted`, `create_org`) VALUES ('7c178449911d223b2ccd70ac8d2b3207', '1', 'a4a5737cd34711ea97e4a34c90effc21', '1', '2021-03-05 11:15:42', '1', '2021-03-05 11:15:42', 1, 0, '6836de3b179d11eb8189fa163e5c4fd4');
INSERT INTO `tb_core_role_function`(`id`, `role_id`, `function_id`, `create_user`, `create_time`, `update_user`, `update_time`, `status`, `is_deleted`, `create_org`) VALUES ('7c78c91cfe3f617ab91b14123ebe529a', '1', 'c2d6beaac980846ff0b08d1d854b01f7', '1', '2021-03-05 11:15:42', '1', '2021-03-05 11:15:42', 1, 0, '6836de3b179d11eb8189fa163e5c4fd4');
INSERT INTO `tb_core_role_function`(`id`, `role_id`, `function_id`, `create_user`, `create_time`, `update_user`, `update_time`, `status`, `is_deleted`, `create_org`) VALUES ('7d0386cc2b15591547bc7bc5b4ddc9fe', '1', 'a4cbd33cd34711ea97e4a34c90effc21', '1', '2021-03-05 11:15:42', '1', '2021-03-05 11:15:42', 1, 0, '6836de3b179d11eb8189fa163e5c4fd4');
INSERT INTO `tb_core_role_function`(`id`, `role_id`, `function_id`, `create_user`, `create_time`, `update_user`, `update_time`, `status`, `is_deleted`, `create_org`) VALUES ('7de689a68a6537940976da19ed5a757d', '1', 'a49e8d5ad34711x4rcr4ff4c90effcdz', '1', '2021-03-05 11:15:42', '1', '2021-03-05 11:15:42', 1, 0, '6836de3b179d11eb8189fa163e5c4fd4');
INSERT INTO `tb_core_role_function`(`id`, `role_id`, `function_id`, `create_user`, `create_time`, `update_user`, `update_time`, `status`, `is_deleted`, `create_org`) VALUES ('81b0d7015d1b107fdd7046c110abc746', '1', 'a4efe8a8d34711ea97e4a34c90effc21', '1', '2021-03-05 11:15:42', '1', '2021-03-05 11:15:42', 1, 0, '6836de3b179d11eb8189fa163e5c4fd4');
INSERT INTO `tb_core_role_function`(`id`, `role_id`, `function_id`, `create_user`, `create_time`, `update_user`, `update_time`, `status`, `is_deleted`, `create_org`) VALUES ('850d3a108a9c12bf98b40a55b5fe1334', '1', 'a4b1cf64d34711ea97e4a34c90effc21', '1', '2021-03-05 11:15:42', '1', '2021-03-05 11:15:42', 1, 0, '6836de3b179d11eb8189fa163e5c4fd4');
INSERT INTO `tb_core_role_function`(`id`, `role_id`, `function_id`, `create_user`, `create_time`, `update_user`, `update_time`, `status`, `is_deleted`, `create_org`) VALUES ('882e8e99e9d152c04fce34b288550579', '1', 'a5098966d34723ea97d4a34c90effc21', '1', '2021-03-05 11:15:42', '1', '2021-03-05 11:15:42', 1, 0, '6836de3b179d11eb8189fa163e5c4fd4');
INSERT INTO `tb_core_role_function`(`id`, `role_id`, `function_id`, `create_user`, `create_time`, `update_user`, `update_time`, `status`, `is_deleted`, `create_org`) VALUES ('8b571450b06522b34e7e93fd3a7d7119', '1', 'b9ae75ec173611eb84474dda60506f3f', '1', '2021-03-05 11:15:42', '1', '2021-03-05 11:15:42', 1, 0, '6836de3b179d11eb8189fa163e5c4fd4');
INSERT INTO `tb_core_role_function`(`id`, `role_id`, `function_id`, `create_user`, `create_time`, `update_user`, `update_time`, `status`, `is_deleted`, `create_org`) VALUES ('8b7b0b065dcd7c8b672b1d0d545260ff', '1', 'b9ae75ec173611eb84471dgh4rhj6f3f', '1', '2021-03-05 11:15:42', '1', '2021-03-05 11:15:42', 1, 0, '6836de3b179d11eb8189fa163e5c4fd4');
INSERT INTO `tb_core_role_function`(`id`, `role_id`, `function_id`, `create_user`, `create_time`, `update_user`, `update_time`, `status`, `is_deleted`, `create_org`) VALUES ('8bcaeeb437f9ce698a19f714391ace99', '2', 'b9ty75ec173611eb84454dgh4rhj6f3f', '1', '2021-03-05 11:33:59', '1', '2021-03-05 11:33:59', 1, 0, '6836de3b179d11eb8189fa163e5c4fd4');
INSERT INTO `tb_core_role_function`(`id`, `role_id`, `function_id`, `create_user`, `create_time`, `update_user`, `update_time`, `status`, `is_deleted`, `create_org`) VALUES ('8d8a3ca3f54b38297133173f2c515a24', '1', 'a49e8d5ad34711x4rcr4ff4cx1effcdz', '1', '2021-03-05 11:15:42', '1', '2021-03-05 11:15:42', 1, 0, '6836de3b179d11eb8189fa163e5c4fd4');
INSERT INTO `tb_core_role_function`(`id`, `role_id`, `function_id`, `create_user`, `create_time`, `update_user`, `update_time`, `status`, `is_deleted`, `create_org`) VALUES ('8fd7ee85d4c41b1c3648b454ada07079', '1', 'a4be9b9ad34711ea97e4a34c90effc21', '1', '2021-03-05 11:15:42', '1', '2021-03-05 11:15:42', 1, 0, '6836de3b179d11eb8189fa163e5c4fd4');
INSERT INTO `tb_core_role_function`(`id`, `role_id`, `function_id`, `create_user`, `create_time`, `update_user`, `update_time`, `status`, `is_deleted`, `create_org`) VALUES ('9074ced65bbfda9804e98d3111c2fa5f', '1', 'a49e8d5ad34711xxvcr4ff4c90effcdz', '1', '2021-03-05 11:15:42', '1', '2021-03-05 11:15:42', 1, 0, '6836de3b179d11eb8189fa163e5c4fd4');
INSERT INTO `tb_core_role_function`(`id`, `role_id`, `function_id`, `create_user`, `create_time`, `update_user`, `update_time`, `status`, `is_deleted`, `create_org`) VALUES ('90871984ddcebaa267891f564852a7bc', '1', 'a49e8d5ad34711xx9er4ff4c90effcdz', '1', '2021-03-05 11:15:42', '1', '2021-03-05 11:15:42', 1, 0, '6836de3b179d11eb8189fa163e5c4fd4');
INSERT INTO `tb_core_role_function`(`id`, `role_id`, `function_id`, `create_user`, `create_time`, `update_user`, `update_time`, `status`, `is_deleted`, `create_org`) VALUES ('92b6b3efd229227ba1266749b69888c3', '1', 'a50ee7f8d34711ea97e4a34c90effc21', '1', '2021-03-05 11:15:42', '1', '2021-03-05 11:15:42', 1, 0, '6836de3b179d11eb8189fa163e5c4fd4');
INSERT INTO `tb_core_role_function`(`id`, `role_id`, `function_id`, `create_user`, `create_time`, `update_user`, `update_time`, `status`, `is_deleted`, `create_org`) VALUES ('92ceea54856cf13c15c39f6a1e5217e2', '1', '93b43acc92953866e226aa0c8a2f89eb', '1', '2021-03-05 11:15:42', '1', '2021-03-05 11:15:42', 1, 0, '6836de3b179d11eb8189fa163e5c4fd4');
INSERT INTO `tb_core_role_function`(`id`, `role_id`, `function_id`, `create_user`, `create_time`, `update_user`, `update_time`, `status`, `is_deleted`, `create_org`) VALUES ('9626b4f57b0aa533b0d9a217c18dfc8f', '1', '755965c6ff3e23e560e2f873e63420ea', '1', '2021-03-05 11:15:42', '1', '2021-03-05 11:15:42', 1, 0, '6836de3b179d11eb8189fa163e5c4fd4');
INSERT INTO `tb_core_role_function`(`id`, `role_id`, `function_id`, `create_user`, `create_time`, `update_user`, `update_time`, `status`, `is_deleted`, `create_org`) VALUES ('9ce49f85871358e299eaab9007a8abbe', '2', '28959acc90138a3737292e4678f9785d', '1', '2021-03-05 11:33:59', '1', '2021-03-05 11:33:59', 1, 0, '6836de3b179d11eb8189fa163e5c4fd4');
INSERT INTO `tb_core_role_function`(`id`, `role_id`, `function_id`, `create_user`, `create_time`, `update_user`, `update_time`, `status`, `is_deleted`, `create_org`) VALUES ('9e80dcf1f1e10b857a918b2227cf98a4', '1', 'a4a0a4aad34711cv97dxa34c90effc21', '1', '2021-03-05 11:15:42', '1', '2021-03-05 11:15:42', 1, 0, '6836de3b179d11eb8189fa163e5c4fd4');
INSERT INTO `tb_core_role_function`(`id`, `role_id`, `function_id`, `create_user`, `create_time`, `update_user`, `update_time`, `status`, `is_deleted`, `create_org`) VALUES ('9fa4961ec7fa213fa1d8a4ee9e482bd7', '1', '63ac9cc0db577090ec81e4ef79f47845', '1', '2021-03-05 11:15:42', '1', '2021-03-05 11:15:42', 1, 0, '6836de3b179d11eb8189fa163e5c4fd4');
INSERT INTO `tb_core_role_function`(`id`, `role_id`, `function_id`, `create_user`, `create_time`, `update_user`, `update_time`, `status`, `is_deleted`, `create_org`) VALUES ('a008da9b43d4ac84cefa015e07835c04', '1', 'a4f1819ad34711ea97e4a34c90effc21', '1', '2021-03-05 11:15:42', '1', '2021-03-05 11:15:42', 1, 0, '6836de3b179d11eb8189fa163e5c4fd4');
INSERT INTO `tb_core_role_function`(`id`, `role_id`, `function_id`, `create_user`, `create_time`, `update_user`, `update_time`, `status`, `is_deleted`, `create_org`) VALUES ('a4df02d92ab017c140fd0d8bf8954fe4', '1', 'dd62ef357e4c9fbaa5ddbd55c31f6f67', '1', '2021-03-05 11:15:42', '1', '2021-03-05 11:15:42', 1, 0, '6836de3b179d11eb8189fa163e5c4fd4');
INSERT INTO `tb_core_role_function`(`id`, `role_id`, `function_id`, `create_user`, `create_time`, `update_user`, `update_time`, `status`, `is_deleted`, `create_org`) VALUES ('ada7c8382745c21f485e2bb7d7fe8d71', '1', 'a4cde53cd34711ea97e4a34c90effc21', '1', '2021-03-05 11:15:42', '1', '2021-03-05 11:15:42', 1, 0, '6836de3b179d11eb8189fa163e5c4fd4');
INSERT INTO `tb_core_role_function`(`id`, `role_id`, `function_id`, `create_user`, `create_time`, `update_user`, `update_time`, `status`, `is_deleted`, `create_org`) VALUES ('ae5dbde2b136880ef472ac0e9ab973b6', '1', 'a4a87d1ad34711ea97e4a34c90effc21', '1', '2021-03-05 11:15:42', '1', '2021-03-05 11:15:42', 1, 0, '6836de3b179d11eb8189fa163e5c4fd4');
INSERT INTO `tb_core_role_function`(`id`, `role_id`, `function_id`, `create_user`, `create_time`, `update_user`, `update_time`, `status`, `is_deleted`, `create_org`) VALUES ('ae6e439dbd2742d271e34eca8ab101d3', '1', 'a49c90a4d34711ea97e4a34c90effc21', '1', '2021-03-05 11:15:42', '1', '2021-03-05 11:15:42', 1, 0, '6836de3b179d11eb8189fa163e5c4fd4');
INSERT INTO `tb_core_role_function`(`id`, `role_id`, `function_id`, `create_user`, `create_time`, `update_user`, `update_time`, `status`, `is_deleted`, `create_org`) VALUES ('af530c5189782271ec1202fe83701ff3', '1', 'a4af115cd34711ea97e4a34c90effc21', '1', '2021-03-05 11:15:42', '1', '2021-03-05 11:15:42', 1, 0, '6836de3b179d11eb8189fa163e5c4fd4');
INSERT INTO `tb_core_role_function`(`id`, `role_id`, `function_id`, `create_user`, `create_time`, `update_user`, `update_time`, `status`, `is_deleted`, `create_org`) VALUES ('b0069238b24bf16a236b891725767687', '1', 'b9ae75ec173611eb84471dgh4r506f3f', '1', '2021-03-05 11:15:42', '1', '2021-03-05 11:15:42', 1, 0, '6836de3b179d11eb8189fa163e5c4fd4');
INSERT INTO `tb_core_role_function`(`id`, `role_id`, `function_id`, `create_user`, `create_time`, `update_user`, `update_time`, `status`, `is_deleted`, `create_org`) VALUES ('b0cbbf3972cf1af522e8fb11da27258c', '1', 'a5098966d34711ea97e4a34c90effc21', '1', '2021-03-05 11:15:42', '1', '2021-03-05 11:15:42', 1, 0, '6836de3b179d11eb8189fa163e5c4fd4');
INSERT INTO `tb_core_role_function`(`id`, `role_id`, `function_id`, `create_user`, `create_time`, `update_user`, `update_time`, `status`, `is_deleted`, `create_org`) VALUES ('b67b9bf6d78773acf5271e142656443f', '1', 'a4ee0e20d34711ea97e4a34c90effc21', '1', '2021-03-05 11:15:42', '1', '2021-03-05 11:15:42', 1, 0, '6836de3b179d11eb8189fa163e5c4fd4');
INSERT INTO `tb_core_role_function`(`id`, `role_id`, `function_id`, `create_user`, `create_time`, `update_user`, `update_time`, `status`, `is_deleted`, `create_org`) VALUES ('be4eadf87389aa9e5974d7a2dba38391', '1', 'a4df8e40d34711ea97e4a34c90effc21', '1', '2021-03-05 11:15:42', '1', '2021-03-05 11:15:42', 1, 0, '6836de3b179d11eb8189fa163e5c4fd4');
INSERT INTO `tb_core_role_function`(`id`, `role_id`, `function_id`, `create_user`, `create_time`, `update_user`, `update_time`, `status`, `is_deleted`, `create_org`) VALUES ('ce1f3236b58b37131fd071f9c9e94ab5', '1', 'a4ec71bed34711ea97e4a34c90effc21', '1', '2021-03-05 11:15:42', '1', '2021-03-05 11:15:42', 1, 0, '6836de3b179d11eb8189fa163e5c4fd4');
INSERT INTO `tb_core_role_function`(`id`, `role_id`, `function_id`, `create_user`, `create_time`, `update_user`, `update_time`, `status`, `is_deleted`, `create_org`) VALUES ('cee2e98ee4638aa99ff2721b2d76ca5d', '1', 'a4d00588d34711ea97e4a34c90effc21', '1', '2021-03-05 11:15:42', '1', '2021-03-05 11:15:42', 1, 0, '6836de3b179d11eb8189fa163e5c4fd4');
INSERT INTO `tb_core_role_function`(`id`, `role_id`, `function_id`, `create_user`, `create_time`, `update_user`, `update_time`, `status`, `is_deleted`, `create_org`) VALUES ('cf0e74b43a32fa418807ac0fd44f5ce3', '1', '157e8f211e19526150bd1d4e79abc8af', '1', '2021-03-05 11:15:42', '1', '2021-03-05 11:15:42', 1, 0, '6836de3b179d11eb8189fa163e5c4fd4');
INSERT INTO `tb_core_role_function`(`id`, `role_id`, `function_id`, `create_user`, `create_time`, `update_user`, `update_time`, `status`, `is_deleted`, `create_org`) VALUES ('d1e42b2d62e07f8c143f203f158c31a5', '1', 'a4c2f546d34711ea97e4a34c90effc21', '1', '2021-03-05 11:15:42', '1', '2021-03-05 11:15:42', 1, 0, '6836de3b179d11eb8189fa163e5c4fd4');
INSERT INTO `tb_core_role_function`(`id`, `role_id`, `function_id`, `create_user`, `create_time`, `update_user`, `update_time`, `status`, `is_deleted`, `create_org`) VALUES ('d4311cccfddaa6b894f1033d36dcf957', '1', 'a4f1819ad347145a97e4a34c90effc21', '1', '2021-03-05 11:15:42', '1', '2021-03-05 11:15:42', 1, 0, '6836de3b179d11eb8189fa163e5c4fd4');
INSERT INTO `tb_core_role_function`(`id`, `role_id`, `function_id`, `create_user`, `create_time`, `update_user`, `update_time`, `status`, `is_deleted`, `create_org`) VALUES ('d5e2c3bc2d3cd13596e4354b3c998476', '1', '30b4baffc04b62602bdb79a25f307462', '1', '2021-03-05 11:15:42', '1', '2021-03-05 11:15:42', 1, 0, '6836de3b179d11eb8189fa163e5c4fd4');
INSERT INTO `tb_core_role_function`(`id`, `role_id`, `function_id`, `create_user`, `create_time`, `update_user`, `update_time`, `status`, `is_deleted`, `create_org`) VALUES ('db257a8ce489e8e54674c0c653ea98cb', '1', 'a4b841f0d34711ea97e4a34c90effc21', '1', '2021-03-05 11:15:42', '1', '2021-03-05 11:15:42', 1, 0, '6836de3b179d11eb8189fa163e5c4fd4');
INSERT INTO `tb_core_role_function`(`id`, `role_id`, `function_id`, `create_user`, `create_time`, `update_user`, `update_time`, `status`, `is_deleted`, `create_org`) VALUES ('de447c97aa4867b356d00fedcabff6d5', '1', 'a49e8d5ad34711x4rcr4ff4cvxeffcdz', '1', '2021-03-05 11:15:42', '1', '2021-03-05 11:15:42', 1, 0, '6836de3b179d11eb8189fa163e5c4fd4');
INSERT INTO `tb_core_role_function`(`id`, `role_id`, `function_id`, `create_user`, `create_time`, `update_user`, `update_time`, `status`, `is_deleted`, `create_org`) VALUES ('de6cb3fa8cb57f03348c9091c2963a51', '1', 'a4a0a4aad34711ea97e4a34c90effc21', '1', '2021-03-05 11:15:42', '1', '2021-03-05 11:15:42', 1, 0, '6836de3b179d11eb8189fa163e5c4fd4');
INSERT INTO `tb_core_role_function`(`id`, `role_id`, `function_id`, `create_user`, `create_time`, `update_user`, `update_time`, `status`, `is_deleted`, `create_org`) VALUES ('dff0b00eaeb91c60d057971e3291d4ff', '1', '051f2e0b81bb4b80706a61e5b78ba507', '1', '2021-03-05 11:15:42', '1', '2021-03-05 11:15:42', 1, 0, '6836de3b179d11eb8189fa163e5c4fd4');
INSERT INTO `tb_core_role_function`(`id`, `role_id`, `function_id`, `create_user`, `create_time`, `update_user`, `update_time`, `status`, `is_deleted`, `create_org`) VALUES ('e1bdb3dd5d21abde91128f71af35a716', '1', '28a8f330d5b53fffb1284f1af20e7e07', '1', '2021-03-05 11:15:42', '1', '2021-03-05 11:15:42', 1, 0, '6836de3b179d11eb8189fa163e5c4fd4');
INSERT INTO `tb_core_role_function`(`id`, `role_id`, `function_id`, `create_user`, `create_time`, `update_user`, `update_time`, `status`, `is_deleted`, `create_org`) VALUES ('e6da6b16b23867576d24bc1707f372b0', '1', 'a4aa9780d34711ea97e4a34c90effc21', '1', '2021-03-05 11:15:42', '1', '2021-03-05 11:15:42', 1, 0, '6836de3b179d11eb8189fa163e5c4fd4');
INSERT INTO `tb_core_role_function`(`id`, `role_id`, `function_id`, `create_user`, `create_time`, `update_user`, `update_time`, `status`, `is_deleted`, `create_org`) VALUES ('e885165df87b6a9cb5103d77c99e19ab', '1', 'd31dfc73255aa8f9e268ddd052bbd0ce', '1', '2021-03-05 11:15:42', '1', '2021-03-05 11:15:42', 1, 0, '6836de3b179d11eb8189fa163e5c4fd4');
INSERT INTO `tb_core_role_function`(`id`, `role_id`, `function_id`, `create_user`, `create_time`, `update_user`, `update_time`, `status`, `is_deleted`, `create_org`) VALUES ('e8d72508ede49b026f7cae5e4972c328', '1', 'a5003528d34711ea97e4a34c90effc21', '1', '2021-03-05 11:15:42', '1', '2021-03-05 11:15:42', 1, 0, '6836de3b179d11eb8189fa163e5c4fd4');
INSERT INTO `tb_core_role_function`(`id`, `role_id`, `function_id`, `create_user`, `create_time`, `update_user`, `update_time`, `status`, `is_deleted`, `create_org`) VALUES ('e9554359d049b2cd83a80de6c8c8d685', '1', '1e3000b30595416e278322811a1b03d1', '1', '2021-03-05 11:15:42', '1', '2021-03-05 11:15:42', 1, 0, '6836de3b179d11eb8189fa163e5c4fd4');
INSERT INTO `tb_core_role_function`(`id`, `role_id`, `function_id`, `create_user`, `create_time`, `update_user`, `update_time`, `status`, `is_deleted`, `create_org`) VALUES ('eb41bce92934083463990d1380df2683', '1', '4e2203c3d111d8ab1d70c2bae80bba33', '1', '2021-03-05 11:15:42', '1', '2021-03-05 11:15:42', 1, 0, '6836de3b179d11eb8189fa163e5c4fd4');
INSERT INTO `tb_core_role_function`(`id`, `role_id`, `function_id`, `create_user`, `create_time`, `update_user`, `update_time`, `status`, `is_deleted`, `create_org`) VALUES ('ec111868b61103d0f4db21b714bc59c7', '1', 'a4be9b9ad34711ea97e4214c90effc21', '1', '2021-03-05 11:15:42', '1', '2021-03-05 11:15:42', 1, 0, '6836de3b179d11eb8189fa163e5c4fd4');
INSERT INTO `tb_core_role_function`(`id`, `role_id`, `function_id`, `create_user`, `create_time`, `update_user`, `update_time`, `status`, `is_deleted`, `create_org`) VALUES ('ecb584723645d629968c7dfbac668462', '1', 'a4d6c12ad34711ea97e4a34c90effc21', '1', '2021-03-05 11:15:42', '1', '2021-03-05 11:15:42', 1, 0, '6836de3b179d11eb8189fa163e5c4fd4');
INSERT INTO `tb_core_role_function`(`id`, `role_id`, `function_id`, `create_user`, `create_time`, `update_user`, `update_time`, `status`, `is_deleted`, `create_org`) VALUES ('f34d898d5b4b20fd911f1ebda6532682', '1', 'a51089b4d34711ea97e4a34c90effc21', '1', '2021-03-05 11:15:42', '1', '2021-03-05 11:15:42', 1, 0, '6836de3b179d11eb8189fa163e5c4fd4');
INSERT INTO `tb_core_role_function`(`id`, `role_id`, `function_id`, `create_user`, `create_time`, `update_user`, `update_time`, `status`, `is_deleted`, `create_org`) VALUES ('f7a4ee842b981385ed1e8f44cc196734', '1', 'cee1237740f54d5fc16f852e217a2c7e', '1', '2021-03-05 11:15:42', '1', '2021-03-05 11:15:42', 1, 0, '6836de3b179d11eb8189fa163e5c4fd4');
INSERT INTO `tb_core_role_function`(`id`, `role_id`, `function_id`, `create_user`, `create_time`, `update_user`, `update_time`, `status`, `is_deleted`, `create_org`) VALUES ('fd77fdf623a2e4c61877731ba836d23c', '1', 'a4a32590d34711ea97e4a34c90effc21', '1', '2021-03-05 11:15:42', '1', '2021-03-05 11:15:42', 1, 0, '6836de3b179d11eb8189fa163e5c4fd4');

-- tb_core_role

INSERT INTO `tb_core_role`(`id`, `alias`, `name`, `parent_id`, `icon_url`, `is_sys_role`, `remark`, `sort`, `create_user`, `create_time`, `update_user`, `update_time`, `status`, `is_deleted`, `tenant_code`, `create_org`) VALUES ('1', 'root', '超级管理员', '-1', NULL, 1, '这是系统内置角色，不要删除，会影响功能', 1, '1', '2021-03-03 22:34:00', '1', '2021-03-03 22:34:00', 1, 0, '000000', '6836de3b179d11eb8189fa163e5c4fd4');
INSERT INTO `tb_core_role`(`id`, `alias`, `name`, `parent_id`, `icon_url`, `is_sys_role`, `remark`, `sort`, `create_user`, `create_time`, `update_user`, `update_time`, `status`, `is_deleted`, `tenant_code`, `create_org`) VALUES ('2', 'anonymous', '匿名用户', '-1', NULL, 1, '这是系统内置角色，不要删除，会影响功能', 1, '1', '2021-03-03 22:34:00', '1', '2021-03-03 22:34:00', 1, 0, '000000', '6836de3b179d11eb8189fa163e5c4fd4');

-- tb_core_tenant

INSERT INTO `tb_core_tenant`(`id`, `tenant_code`, `tenant_name`, `domain`, `logo`, `contact_name`, `contact_phone`, `address`, `account_number`, `expire_time`, `license_key`, `create_user`, `create_time`, `update_user`, `update_time`, `status`, `is_deleted`, `create_org`) VALUES ('5553e41f179d11eb8189fa163e5c4fd4', '000000', '管理组', '', '', '老总', '15011071226', '', -1, '2021-01-14 12:00:00', '1c67e707c26a07f48d704d4ac5f8075227a540fe53d14cb4', '1', '2021-03-03 22:34:15', '1', '2021-03-03 22:34:15', 1, 0, '6836de3b179d11eb8189fa163e5c4fd4');

-- tb_core_user_role

INSERT INTO `tb_core_user_role`(`id`, `role_id`, `user_id`, `create_user`, `create_time`, `update_user`, `update_time`, `status`, `is_deleted`, `create_org`) VALUES ('611eb4ed59a3d372d12d826fffc8fe3c', '2', '2', '1', '2021-03-03 22:34:25', '1', '2021-03-03 22:34:25', 1, 0, '6836de3b179d11eb8189fa163e5c4fd4');
INSERT INTO `tb_core_user_role`(`id`, `role_id`, `user_id`, `create_user`, `create_time`, `update_user`, `update_time`, `status`, `is_deleted`, `create_org`) VALUES ('6c2886d3879db2e77e6d348c5cf4089d', '1', '1', '1', '2021-03-03 22:34:25', '1', '2021-03-03 22:34:25', 1, 0, '6836de3b179d11eb8189fa163e5c4fd4');

-- tb_core_user

INSERT INTO `tb_core_user`(`id`, `org_id`, `login_id`, `password`, `user_name`, `id_type`, `id_no`, `user_type`, `birthday`, `email`, `telephone`, `address`, `post_code`, `last_login_time`, `login_count`, `nick_name`, `other_code`, `activation_status`, `activation_code`, `create_user`, `create_time`, `update_user`, `update_time`, `status`, `is_deleted`, `tenant_code`, `create_org`, `avatar`) VALUES ('1', '6836de3b179d11eb8189fa163e5c4fd4', 'root', '2a718ddf5b11fe846071c2d717f742e2495821e4', '超级管理员', 1, NULL, 0, NULL, '1634566606@qq.com', '15011071226', '内蒙古', '012000', '2021-03-05 12:29:33', 1438, '超级用户', '', 1, '', '1', '2021-03-03 22:34:20', '2', '2021-03-05 12:29:34', 1, 0, '000000', '6836de3b179d11eb8189fa163e5c4fd4', 'a553156685aae3282f38837e2d9684b9748527e247e8f480c5718931aba5d6cfe1adcbbd3f07dbd9');
INSERT INTO `tb_core_user`(`id`, `org_id`, `login_id`, `password`, `user_name`, `id_type`, `id_no`, `user_type`, `birthday`, `email`, `telephone`, `address`, `post_code`, `last_login_time`, `login_count`, `nick_name`, `other_code`, `activation_status`, `activation_code`, `create_user`, `create_time`, `update_user`, `update_time`, `status`, `is_deleted`, `tenant_code`, `create_org`, `avatar`) VALUES ('2', '6836de3b179d11eb8189fa163e5c4fd4', 'anonymous', '', '匿名用户', 1, NULL, 0, NULL, NULL, NULL, NULL, NULL, NULL, 0, '匿名用户', NULL, 1, NULL, '1', '2021-03-03 22:34:20', '1', '2021-03-03 22:34:20', 1, 0, '000000', '6836de3b179d11eb8189fa163e5c4fd4', NULL);
